index,match_id,frame_start,frame_end,time_start,time_end,minute_start,second_start,duration,period,attacking_side_id,team_in_possession_id,attacking_side,team_in_possession_shortname,n_player_possessions_in_phase,team_possession_loss_in_phase,team_possession_lead_to_goal,team_possession_lead_to_shot,team_in_possession_phase_type,team_in_possession_phase_type_id,team_out_of_possession_phase_type,team_out_of_possession_phase_type_id,x_start,y_start,channel_id_start,channel_start,third_id_start,third_start,penalty_area_start,x_end,y_end,channel_id_end,channel_end,third_id_end,third_end,penalty_area_end,team_in_possession_width_start,team_in_possession_width_end,team_in_possession_length_start,team_in_possession_length_end,team_out_of_possession_width_start,team_out_of_possession_width_end,team_out_of_possession_length_start,team_out_of_possession_length_end
0,1937246,73,280,00:06.3,00:27.0,0,6,20.7,1,2,869,right_to_left,Sydney FC,8,True,False,False,create,1,medium_block,9,-6.14,-4.83,3,center,2,middle_third,False,-5.4,27.16,1,wide_left,2,middle_third,False,61.59,52.89,35.75,43.17,35.39,33.93,39.5,49.22
1,1937246,280,300,00:27.0,00:29.0,0,27,2.0,1,1,868,left_to_right,Melbourne V FC,1,True,False,False,chaotic,5,chaotic,5,5.48,-26.29,5,wide_right,2,middle_third,False,14.1,-12.65,4,half_space_right,2,middle_third,False,33.82,29.37,49.18,50.1,52.55,40.65,43.05,42.14
2,1937246,300,312,00:29.0,00:30.2,0,29,1.2,1,2,869,right_to_left,Sydney FC,1,False,False,False,create,1,medium_block,9,-14.39,12.04,2,half_space_left,2,middle_third,False,-19.56,7.92,3,center,1,defensive_third,False,39.9,34.17,42.16,42.79,29.29,28.48,50.24,51.45
3,1937246,312,329,00:30.2,00:31.9,0,30,1.7,1,2,869,right_to_left,Sydney FC,1,False,False,False,build_up,0,high_block,10,-20.34,7.56,3,center,1,defensive_third,False,-21.92,0.99,3,center,1,defensive_third,False,33.96,36.51,42.89,41.71,28.43,29.78,51.56,53.5
4,1937246,329,455,00:31.9,00:44.5,0,31,12.6,1,2,869,right_to_left,Sydney FC,5,True,False,False,create,1,medium_block,9,-19.96,0.22,3,center,1,defensive_third,False,21.34,19.08,2,half_space_left,3,attacking_third,False,36.88,43.85,41.55,50.09,29.97,31.53,53.67,41.13
5,1937246,659,669,01:04.9,01:05.9,1,4,1.0,1,1,868,left_to_right,Melbourne V FC,1,True,False,False,chaotic,5,chaotic,5,-33.69,-33.86,5,wide_right,1,defensive_third,False,-25.08,-33.41,5,wide_right,1,defensive_third,False,31.96,31.45,43.55,43.22,21.7,22.34,60.08,57.81
6,1937246,730,919,01:12.0,01:30.9,1,12,18.9,1,2,869,right_to_left,Sydney FC,6,False,True,True,create,1,medium_block,9,-2.48,31.83,1,wide_left,2,middle_third,False,27.73,25.0,1,wide_left,3,attacking_third,False,33.46,52.33,51.24,56.94,28.79,28.52,40.49,44.16
7,1937246,919,960,01:30.9,01:35.0,1,30,4.1,1,2,869,right_to_left,Sydney FC,3,False,True,True,finish,2,low_block,8,28.59,25.24,1,wide_left,3,attacking_third,False,51.43,4.84,3,center,3,attacking_third,True,52.02,37.38,57.49,78.28,28.63,30.43,44.26,44.44
8,1937246,1621,1664,02:41.1,02:45.4,2,41,4.3,1,1,868,left_to_right,Melbourne V FC,2,True,False,False,create,1,medium_block,9,-0.46,0.91,3,center,2,middle_third,False,0.57,-16.32,4,half_space_right,2,middle_third,False,43.99,45.27,42.33,59.98,40.92,36.05,37.81,51.91
9,1937246,1865,1879,03:05.5,03:06.9,3,5,1.4,1,2,869,right_to_left,Sydney FC,1,True,False,False,chaotic,5,chaotic,5,-11.69,33.35,1,wide_left,2,middle_third,False,3.32,30.08,1,wide_left,2,middle_third,False,28.84,26.47,50.51,50.27,22.85,23.52,60.38,58.9
10,1937246,1879,1901,03:06.9,03:09.1,3,6,2.2,1,1,868,left_to_right,Melbourne V FC,1,True,False,False,chaotic,5,chaotic,5,-3.46,-29.78,5,wide_right,2,middle_third,False,7.04,-14.24,4,half_space_right,2,middle_third,False,23.64,25.82,58.69,53.34,26.26,22.12,50.17,48.53
11,1937246,1901,1937,03:09.1,03:12.7,3,9,3.6,1,2,869,right_to_left,Sydney FC,2,False,False,False,create,1,medium_block,9,-6.77,13.85,2,half_space_left,2,middle_third,False,-19.28,-4.24,3,center,1,defensive_third,False,22.01,28.58,48.47,45.69,25.79,27.36,53.15,53.62
12,1937246,1937,2013,03:12.7,03:20.3,3,12,7.6,1,2,869,right_to_left,Sydney FC,3,False,False,False,build_up,0,high_block,10,-20.2,-4.27,3,center,1,defensive_third,False,-20.5,10.33,2,half_space_left,1,defensive_third,False,28.71,54.75,45.53,45.72,27.45,32.45,53.9,61.42
13,1937246,2013,2181,03:20.3,03:37.1,3,20,16.8,1,2,869,right_to_left,Sydney FC,7,False,False,False,create,1,medium_block,9,-19.62,8.89,3,center,1,defensive_third,False,-19.26,28.46,1,wide_left,1,defensive_third,False,54.74,58.46,45.77,47.57,32.44,34.84,61.27,50.54
14,1937246,2181,2273,03:37.1,03:46.3,3,37,9.2,1,2,869,right_to_left,Sydney FC,1,False,False,False,build_up,0,high_block,10,-20.41,28.07,1,wide_left,1,defensive_third,False,-20.12,15.29,2,half_space_left,1,defensive_third,False,58.32,64.61,47.53,43.68,34.57,31.94,50.48,50.19
15,1937246,2273,2297,03:46.3,03:48.7,3,46,2.4,1,2,869,right_to_left,Sydney FC,1,False,False,False,create,1,medium_block,9,-19.49,15.79,2,half_space_left,1,defensive_third,False,-19.51,19.11,2,half_space_left,1,defensive_third,False,64.58,63.81,43.78,45.39,31.91,33.5,50.34,48.8
16,1937246,2297,2343,03:48.7,03:53.3,3,48,4.6,1,2,869,right_to_left,Sydney FC,1,False,False,False,build_up,0,high_block,10,-20.27,18.57,2,half_space_left,1,defensive_third,False,-20.06,12.63,2,half_space_left,1,defensive_third,False,63.82,60.87,45.24,43.14,33.55,33.81,48.91,49.73
17,1937246,2343,2402,03:53.3,03:59.2,3,53,5.9,1,2,869,right_to_left,Sydney FC,0,True,False,False,create,1,medium_block,9,-19.01,12.81,2,half_space_left,1,defensive_third,False,48.9,34.18,1,wide_left,3,attacking_third,False,60.63,47.82,43.58,77.75,33.78,38.2,49.75,58.27
18,1937246,2402,2442,03:59.2,04:03.2,3,59,4.0,1,1,868,left_to_right,Melbourne V FC,1,False,False,False,chaotic,5,chaotic,5,-49.04,-34.33,5,wide_right,1,defensive_third,False,-48.11,-36.02,5,wide_right,1,defensive_third,False,38.28,34.43,58.2,52.83,47.55,38.26,77.86,70.33
19,1937246,2508,2531,04:09.8,04:12.1,4,9,2.3,1,1,868,left_to_right,Melbourne V FC,2,False,False,False,chaotic,5,chaotic,5,-42.93,-34.01,5,wide_right,1,defensive_third,False,-40.35,-34.09,5,wide_right,1,defensive_third,False,31.67,30.15,43.29,41.41,27.45,27.18,66.25,66.18
20,1937246,2621,2671,04:21.1,04:26.1,4,21,5.0,1,1,868,left_to_right,Melbourne V FC,4,True,False,False,create,1,medium_block,9,-34.12,-32.98,5,wide_right,1,defensive_third,False,-3.54,-30.67,5,wide_right,2,middle_third,False,32.01,35.26,39.16,44.28,20.11,22.06,60.48,53.84
21,1937246,2671,2691,04:26.1,04:28.1,4,26,2.0,1,2,869,right_to_left,Sydney FC,1,False,False,False,create,1,medium_block,9,2.93,30.38,1,wide_left,2,middle_third,False,-19.22,19.33,2,half_space_left,1,defensive_third,False,22.06,21.85,53.85,52.04,35.35,33.76,44.67,53.04
22,1937246,2691,2760,04:28.1,04:35.0,4,28,6.9,1,2,869,right_to_left,Sydney FC,1,False,False,False,build_up,0,high_block,10,-20.71,18.37,2,half_space_left,1,defensive_third,False,-20.74,19.85,2,half_space_left,1,defensive_third,False,21.92,52.47,51.86,46.2,33.57,30.37,53.51,62.93
23,1937246,2760,2805,04:35.0,04:39.5,4,35,4.5,1,2,869,right_to_left,Sydney FC,1,True,False,False,create,1,medium_block,9,-19.94,21.04,1,wide_left,1,defensive_third,False,-13.65,28.65,1,wide_left,2,middle_third,False,52.41,45.87,46.49,50.3,30.33,33.96,62.74,57.62
24,1937246,2805,2893,04:39.5,04:48.3,4,39,8.8,1,1,868,left_to_right,Melbourne V FC,4,True,False,False,quick_break,3,defending_quick_break,12,14.4,-28.94,5,wide_right,2,middle_third,False,33.62,-4.6,3,center,3,attacking_third,False,33.91,33.78,57.79,69.33,45.56,17.04,50.01,26.19
25,1937246,2893,3029,04:48.3,05:01.9,4,48,13.6,1,2,869,right_to_left,Sydney FC,3,False,False,True,transition,4,defending_transition,11,-33.81,4.38,3,center,1,defensive_third,False,49.51,-2.43,3,center,3,attacking_third,True,16.59,26.45,26.07,74.52,33.74,26.61,69.32,45.66
26,1937246,3463,3498,05:45.3,05:48.8,5,45,3.5,1,2,869,right_to_left,Sydney FC,3,True,False,False,set_play,7,defending_set_play,13,52.61,32.27,1,wide_left,3,attacking_third,False,48.09,1.65,3,center,3,attacking_third,True,44.52,35.22,65.2,62.59,30.88,18.75,12.24,13.33
27,1937246,3498,3985,05:48.8,06:37.5,5,48,48.7,1,1,868,left_to_right,Melbourne V FC,11,True,False,False,create,1,medium_block,9,-48.54,-1.45,3,center,1,defensive_third,False,16.4,-28.74,5,wide_right,2,middle_third,False,18.64,48.13,13.45,53.65,34.92,32.91,62.46,43.81
28,1937246,3985,3996,06:37.5,06:38.6,6,37,1.1,1,2,869,right_to_left,Sydney FC,1,False,False,False,chaotic,5,chaotic,5,-16.16,28.93,1,wide_left,2,middle_third,False,-11.25,31.33,1,wide_left,2,middle_third,False,33.03,33.81,43.85,45.24,47.91,46.26,53.68,52.99
29,1937246,4215,4267,07:00.5,07:05.7,7,0,5.2,1,2,869,right_to_left,Sydney FC,4,True,False,False,create,1,medium_block,9,-3.71,34.01,1,wide_left,2,middle_third,False,8.15,30.56,1,wide_left,2,middle_third,False,34.92,36.72,46.88,50.78,22.61,24.0,54.05,52.23
30,1937246,4343,4497,07:13.3,07:28.7,7,13,15.4,1,1,868,left_to_right,Melbourne V FC,6,True,False,False,create,1,medium_block,9,-26.61,-29.74,5,wide_right,1,defensive_third,False,7.57,-17.5,4,half_space_right,2,middle_third,False,41.39,59.08,54.32,53.34,29.41,33.68,51.07,45.73
31,1937246,4792,4812,07:58.2,08:00.2,7,58,2.0,1,2,869,right_to_left,Sydney FC,2,False,False,False,create,1,medium_block,9,-19.73,17.69,2,half_space_left,1,defensive_third,False,-19.3,15.43,2,half_space_left,1,defensive_third,False,58.72,59.67,45.58,47.9,32.51,33.59,51.45,48.04
32,1937246,4812,4941,08:00.2,08:13.1,8,0,12.9,1,2,869,right_to_left,Sydney FC,5,False,False,False,build_up,0,high_block,10,-20.27,15.79,2,half_space_left,1,defensive_third,False,-20.29,2.92,3,center,1,defensive_third,False,59.81,62.07,48.14,41.97,33.66,38.47,47.95,58.46
33,1937246,4941,5014,08:13.1,08:20.4,8,13,7.3,1,2,869,right_to_left,Sydney FC,2,True,False,False,create,1,medium_block,9,-19.89,3.03,3,center,1,defensive_third,False,20.25,26.92,1,wide_left,3,attacking_third,False,62.01,48.27,42.07,58.72,38.22,34.43,58.3,48.1
34,1937246,5128,5438,08:31.8,09:02.8,8,31,31.0,1,1,868,left_to_right,Melbourne V FC,11,True,False,False,create,1,medium_block,9,-28.29,-9.1,3,center,1,defensive_third,False,8.51,-8.36,3,center,2,middle_third,False,56.4,58.91,47.34,53.96,34.66,33.82,48.32,40.93
35,1937246,5690,5708,09:28.0,09:29.8,9,28,1.8,1,2,869,right_to_left,Sydney FC,1,True,False,False,direct,6,defending_direct,15,,,2,half_space_left,2,middle_third,False,,,2,half_space_left,2,middle_third,False,,,,,,,,
36,1937246,5708,5803,09:29.8,09:39.3,9,29,9.5,1,1,868,left_to_right,Melbourne V FC,4,False,False,False,create,1,medium_block,9,-12.86,1.77,3,center,2,middle_third,False,21.49,-27.35,5,wide_right,3,attacking_third,False,59.7,47.24,44.75,55.66,33.51,31.21,44.28,40.97
37,1937246,5803,5835,09:39.3,09:42.5,9,39,3.2,1,1,868,left_to_right,Melbourne V FC,1,False,False,False,finish,2,low_block,8,22.15,-27.13,5,wide_right,3,attacking_third,False,41.42,-33.69,5,wide_right,3,attacking_third,False,46.41,35.67,55.83,65.9,30.78,30.27,40.92,40.22
38,1937246,5910,5945,09:50.0,09:53.5,9,50,3.5,1,1,868,left_to_right,Melbourne V FC,1,False,False,False,create,1,medium_block,9,,,2,half_space_left,2,middle_third,False,,,2,half_space_left,2,middle_third,False,,,,,,,,
39,1937246,5945,5994,09:53.5,09:58.4,9,53,4.9,1,1,868,left_to_right,Melbourne V FC,2,True,False,False,finish,2,low_block,8,8.77,-18.35,4,half_space_right,2,middle_third,False,24.91,7.91,3,center,3,attacking_third,False,40.02,52.91,68.32,65.61,29.88,27.74,30.72,31.25
40,1937246,5994,6093,09:58.4,10:08.3,9,58,9.9,1,2,869,right_to_left,Sydney FC,2,True,False,False,transition,4,defending_transition,11,-24.88,-7.45,3,center,1,defensive_third,False,21.37,-27.05,5,wide_right,3,attacking_third,False,27.55,41.24,31.18,56.68,52.95,53.75,65.66,50.77
41,1937246,6093,6280,10:08.3,10:27.0,10,8,18.7,1,1,868,left_to_right,Melbourne V FC,8,True,False,False,create,1,medium_block,9,-21.08,26.48,1,wide_left,1,defensive_third,False,17.43,-3.51,3,center,2,middle_third,False,53.5,50.0,50.39,54.16,41.08,34.04,56.6,37.52
42,1937246,6438,6492,10:42.8,10:48.2,10,42,5.4,1,2,869,right_to_left,Sydney FC,2,False,False,False,build_up,0,high_block,10,-47.19,0.4,3,center,1,defensive_third,False,-21.23,11.15,2,half_space_left,1,defensive_third,False,53.09,61.07,45.69,49.7,46.05,42.42,61.7,67.89
43,1937246,6492,6518,10:48.2,10:50.8,10,48,2.6,1,2,869,right_to_left,Sydney FC,1,True,False,False,create,1,medium_block,9,-19.82,11.83,2,half_space_left,1,defensive_third,False,-16.8,22.23,1,wide_left,2,middle_third,False,60.9,57.67,49.73,50.22,42.24,37.5,67.73,62.69
44,1937246,6518,6524,10:50.8,10:51.4,10,50,0.6,1,1,868,left_to_right,Melbourne V FC,1,True,False,False,chaotic,5,chaotic,5,16.75,-22.48,5,wide_right,2,middle_third,False,12.07,-24.35,5,wide_right,2,middle_third,False,37.55,37.84,62.54,61.81,57.64,57.48,50.2,49.98
45,1937246,6524,6580,10:51.4,10:57.0,10,51,5.6,1,2,869,right_to_left,Sydney FC,1,False,False,False,create,1,medium_block,9,-12.02,24.47,1,wide_left,2,middle_third,False,-19.52,6.38,3,center,1,defensive_third,False,57.44,57.32,49.9,50.43,37.9,34.12,61.63,52.49
46,1937246,6580,6730,10:57.0,11:12.0,10,57,15.0,1,2,869,right_to_left,Sydney FC,5,False,False,False,build_up,0,high_block,10,-20.03,4.61,3,center,1,defensive_third,False,-20.25,16.5,2,half_space_left,1,defensive_third,False,57.38,62.9,50.8,40.31,34.06,36.12,52.34,52.46
47,1937246,6730,6837,11:12.0,11:22.7,11,12,10.7,1,2,869,right_to_left,Sydney FC,3,True,False,False,create,1,medium_block,9,-19.59,17.35,2,half_space_left,1,defensive_third,False,48.05,17.16,2,half_space_left,3,attacking_third,True,62.93,35.18,40.46,76.76,36.2,27.17,52.38,41.02
48,1937246,6837,6880,11:22.7,11:27.0,11,22,4.3,1,1,868,left_to_right,Melbourne V FC,1,True,False,False,chaotic,5,chaotic,5,-47.98,-17.65,4,half_space_right,1,defensive_third,False,-30.48,-34.02,5,wide_right,1,defensive_third,False,27.19,40.82,40.89,36.26,34.57,38.48,77.19,76.51
49,1937246,7105,7150,11:49.5,11:54.0,11,49,4.5,1,2,869,right_to_left,Sydney FC,3,True,False,False,finish,2,low_block,8,39.38,32.55,1,wide_left,3,attacking_third,False,45.54,31.66,1,wide_left,3,attacking_third,False,32.36,30.91,66.4,65.2,26.06,31.78,36.72,35.1
50,1937246,7150,7215,11:54.0,12:00.5,11,54,6.5,1,1,868,left_to_right,Melbourne V FC,2,False,False,False,build_up,0,high_block,10,-45.79,-31.31,5,wide_right,1,defensive_third,False,-20.14,1.25,3,center,1,defensive_third,False,31.75,41.45,35.06,40.95,30.82,28.62,65.38,59.92
51,1937246,7215,7269,12:00.5,12:05.9,12,0,5.4,1,1,868,left_to_right,Melbourne V FC,1,True,False,False,create,1,medium_block,9,-19.48,2.39,3,center,1,defensive_third,False,10.37,21.52,1,wide_left,2,middle_third,False,41.72,54.01,41.14,54.97,28.88,39.08,59.7,47.19
52,1937246,7269,7279,12:05.9,12:06.9,12,5,1.0,1,2,869,right_to_left,Sydney FC,1,True,False,False,chaotic,5,chaotic,5,-10.71,-21.98,5,wide_right,2,middle_third,False,-12.03,-28.57,5,wide_right,2,middle_third,False,39.11,39.37,46.94,44.71,53.99,54.99,55.24,57.46
53,1937246,7333,7420,12:12.3,12:21.0,12,12,8.7,1,1,868,left_to_right,Melbourne V FC,4,False,False,False,create,1,medium_block,9,11.94,31.16,1,wide_left,2,middle_third,False,16.18,-32.09,5,wide_right,2,middle_third,False,66.61,60.3,57.51,56.77,36.24,34.32,39.24,41.56
54,1937246,7420,7479,12:21.0,12:26.9,12,21,5.9,1,1,868,left_to_right,Melbourne V FC,1,True,False,False,finish,2,low_block,8,16.36,-32.29,5,wide_right,2,middle_third,False,42.0,-20.64,5,wide_right,3,attacking_third,False,60.11,41.23,56.88,65.93,34.66,34.89,41.67,38.32
55,1937246,7479,7544,12:26.9,12:33.4,12,26,6.5,1,2,869,right_to_left,Sydney FC,3,True,False,False,chaotic,5,chaotic,5,-42.32,20.8,1,wide_left,1,defensive_third,False,-20.51,31.13,1,wide_left,1,defensive_third,False,35.11,40.66,38.31,40.29,41.07,37.89,65.99,65.42
56,1937246,7689,7756,12:47.9,12:54.6,12,47,6.7,1,1,868,left_to_right,Melbourne V FC,4,False,False,True,finish,2,low_block,8,18.75,-32.28,5,wide_right,3,attacking_third,False,5.54,-10.31,4,half_space_right,2,middle_third,False,46.97,50.79,62.53,56.85,32.53,28.52,36.47,35.37
57,1937246,7756,7777,12:54.6,12:56.7,12,54,2.1,1,1,868,left_to_right,Melbourne V FC,1,False,False,True,create,1,medium_block,9,5.25,-8.67,3,center,2,middle_third,False,4.39,4.66,3,center,2,middle_third,False,51.11,56.61,56.87,58.93,28.44,29.87,35.41,36.03
58,1937246,7777,8144,12:56.7,13:33.4,12,56,36.7,1,1,868,left_to_right,Melbourne V FC,14,True,False,True,finish,2,low_block,8,5.07,5.11,3,center,2,middle_third,False,46.01,-3.15,3,center,3,attacking_third,True,56.82,35.47,59.09,63.73,29.98,29.36,36.05,15.96
59,1937246,8476,8486,14:06.6,14:07.6,14,6,1.0,1,2,869,right_to_left,Sydney FC,1,False,False,False,chaotic,5,chaotic,5,-30.5,33.03,1,wide_left,1,defensive_third,False,-22.37,27.55,1,wide_left,1,defensive_third,False,55.59,53.36,48.04,47.75,33.33,32.53,66.92,65.36
60,1937246,10045,10197,16:43.5,16:58.7,16,43,15.2,1,2,869,right_to_left,Sydney FC,5,False,False,False,create,1,medium_block,9,,,2,half_space_left,2,middle_third,False,21.76,28.76,1,wide_left,3,attacking_third,False,,56.57,,55.72,,28.81,,41.53
61,1937246,10197,10373,16:58.7,17:16.3,16,58,17.6,1,2,869,right_to_left,Sydney FC,7,False,False,False,finish,2,low_block,8,22.43,29.15,1,wide_left,3,attacking_third,False,5.44,-12.27,4,half_space_right,2,middle_third,False,56.35,40.88,55.97,55.66,28.78,36.01,41.57,34.35
62,1937246,10373,10416,17:16.3,17:20.6,17,16,4.3,1,2,869,right_to_left,Sydney FC,2,False,False,True,create,1,medium_block,9,5.12,-11.87,4,half_space_right,2,middle_third,False,12.02,7.67,3,center,2,middle_third,False,41.28,54.44,55.49,54.74,35.9,34.6,34.5,34.55
63,1937246,10416,10454,17:20.6,17:24.4,17,20,3.8,1,2,869,right_to_left,Sydney FC,1,False,False,True,finish,2,low_block,8,12.24,7.9,3,center,2,middle_third,False,6.87,11.07,2,half_space_left,2,middle_third,False,54.61,59.76,54.8,54.16,34.51,33.8,34.48,35.19
64,1937246,10454,10511,17:24.4,17:30.1,17,24,5.7,1,2,869,right_to_left,Sydney FC,3,False,False,True,create,1,medium_block,9,6.8,10.73,2,half_space_left,2,middle_third,False,11.43,-17.64,4,half_space_right,2,middle_third,False,59.89,62.78,54.09,52.95,33.84,37.62,35.26,32.91
65,1937246,10511,10587,17:30.1,17:37.7,17,30,7.6,1,2,869,right_to_left,Sydney FC,2,True,False,True,finish,2,low_block,8,11.72,-17.77,4,half_space_right,2,middle_third,False,47.93,0.78,3,center,3,attacking_third,True,62.62,30.82,52.88,66.04,37.65,26.67,32.77,25.95
66,1937246,10587,10772,17:37.7,17:56.2,17,37,18.5,1,1,868,left_to_right,Melbourne V FC,1,False,False,False,build_up,0,high_block,10,-48.49,-1.12,3,center,1,defensive_third,False,,,2,half_space_left,2,middle_third,False,26.76,,25.9,,30.56,,65.91,
67,1937246,10772,10945,17:56.2,18:13.5,17,56,17.3,1,1,868,left_to_right,Melbourne V FC,6,True,False,False,create,1,medium_block,9,-14.4,28.9,1,wide_left,2,middle_third,False,-10.17,-19.24,4,half_space_right,2,middle_third,False,61.8,61.55,50.42,53.3,35.59,30.44,53.31,43.95
68,1937246,10945,11173,18:13.5,18:36.3,18,13,22.8,1,2,869,right_to_left,Sydney FC,5,True,False,False,create,1,medium_block,9,8.97,18.39,2,half_space_left,2,middle_third,False,7.67,-12.98,4,half_space_right,2,middle_third,False,30.4,56.39,44.1,53.71,61.52,37.31,53.62,41.99
69,1937246,11413,11444,19:00.3,19:03.4,19,0,3.1,1,1,868,left_to_right,Melbourne V FC,1,False,False,False,create,1,medium_block,9,,,2,half_space_left,2,middle_third,False,,,2,half_space_left,2,middle_third,False,,,,,,,,
70,1937246,11444,11483,19:03.4,19:07.3,19,3,3.9,1,1,868,left_to_right,Melbourne V FC,1,False,False,False,finish,2,low_block,8,16.98,23.45,1,wide_left,2,middle_third,False,5.76,-7.17,3,center,2,middle_third,False,49.9,45.99,65.2,62.91,34.61,33.16,40.72,35.71
71,1937246,11483,11535,19:07.3,19:12.5,19,7,5.2,1,1,868,left_to_right,Melbourne V FC,2,False,False,False,create,1,medium_block,9,5.24,-7.8,3,center,2,middle_third,False,13.86,-28.62,5,wide_right,2,middle_third,False,46.17,55.72,62.73,56.89,33.27,32.02,35.94,39.33
72,1937246,11535,11600,19:12.5,19:19.0,19,12,6.5,1,1,868,left_to_right,Melbourne V FC,1,False,False,False,finish,2,low_block,8,14.36,-29.26,5,wide_right,2,middle_third,False,11.97,-34.7,5,wide_right,2,middle_third,False,55.66,51.64,57.02,57.17,32.19,40.17,39.35,35.4
73,1937246,11600,11617,19:19.0,19:20.7,19,19,1.7,1,1,868,left_to_right,Melbourne V FC,1,False,False,False,create,1,medium_block,9,11.85,-35.19,5,wide_right,2,middle_third,False,16.42,-32.09,5,wide_right,2,middle_third,False,51.86,53.11,56.9,55.17,40.23,37.79,35.46,35.94
74,1937246,11617,11638,19:20.7,19:22.8,19,20,2.1,1,1,868,left_to_right,Melbourne V FC,1,False,False,False,finish,2,low_block,8,16.83,-32.11,5,wide_right,2,middle_third,False,13.76,-34.54,5,wide_right,2,middle_third,False,53.06,51.97,55.12,54.65,37.71,35.3,35.94,35.47
75,1937246,11673,11758,19:26.3,19:34.8,19,26,8.5,1,1,868,left_to_right,Melbourne V FC,4,False,False,False,create,1,medium_block,9,4.71,-33.02,5,wide_right,2,middle_third,False,20.38,-32.98,5,wide_right,3,attacking_third,False,53.2,55.5,55.87,58.18,35.48,38.1,36.07,41.58
76,1937246,11758,11847,19:34.8,19:43.7,19,34,8.9,1,1,868,left_to_right,Melbourne V FC,1,True,False,False,finish,2,low_block,8,20.86,-33.04,5,wide_right,3,attacking_third,False,32.3,-16.39,4,half_space_right,3,attacking_third,False,55.33,32.72,58.52,65.0,38.15,21.88,41.47,21.93
77,1937246,11847,11875,19:43.7,19:46.5,19,43,2.8,1,2,869,right_to_left,Sydney FC,2,False,False,False,chaotic,5,chaotic,5,-32.24,15.97,2,half_space_left,1,defensive_third,False,-22.54,10.46,2,half_space_left,1,defensive_third,False,21.52,22.09,21.75,25.01,32.6,28.75,64.75,59.91
78,1937246,12099,12429,20:08.9,20:41.9,20,8,33.0,1,2,869,right_to_left,Sydney FC,11,False,False,False,create,1,medium_block,9,-18.33,3.07,3,center,1,defensive_third,False,25.97,-24.25,5,wide_right,3,attacking_third,False,61.8,51.55,42.57,54.94,31.06,34.01,44.55,38.58
79,1937246,12429,12453,20:41.9,20:44.3,20,41,2.4,1,2,869,right_to_left,Sydney FC,1,True,False,False,finish,2,low_block,8,26.51,-24.92,5,wide_right,3,attacking_third,False,43.1,-6.89,3,center,3,attacking_third,True,51.11,43.53,55.44,68.09,34.19,38.04,38.67,35.76
80,1937246,12453,12580,20:44.3,20:57.0,20,44,12.7,1,1,868,left_to_right,Melbourne V FC,4,False,False,False,build_up,0,high_block,10,-43.46,6.96,3,center,1,defensive_third,False,-20.27,21.09,1,wide_left,1,defensive_third,False,37.96,46.96,35.58,33.78,43.3,37.38,68.73,68.3
81,1937246,12580,12619,20:57.0,21:00.9,20,57,3.9,1,1,868,left_to_right,Melbourne V FC,2,False,False,False,create,1,medium_block,9,-19.83,21.2,1,wide_left,1,defensive_third,False,-16.38,15.7,2,half_space_left,2,middle_third,False,46.88,51.11,33.84,42.42,37.31,35.52,68.17,61.75
82,1937246,12773,12870,21:16.3,21:26.0,21,16,9.7,1,1,868,left_to_right,Melbourne V FC,3,False,False,False,create,1,medium_block,9,,,2,half_space_left,2,middle_third,False,19.09,10.73,2,half_space_left,3,attacking_third,False,,57.82,,58.91,,29.17,,42.13
83,1937246,12870,12981,21:26.0,21:37.1,21,26,11.1,1,1,868,left_to_right,Melbourne V FC,2,True,False,False,finish,2,low_block,8,19.26,10.86,2,half_space_left,3,attacking_third,False,46.45,-15.4,4,half_space_right,3,attacking_third,True,57.3,29.56,59.13,70.0,28.91,28.54,42.12,28.78
84,1937246,12981,13088,21:37.1,21:47.8,21,37,10.7,1,2,869,right_to_left,Sydney FC,2,True,False,False,transition,4,defending_transition,11,-46.54,15.2,2,half_space_left,1,defensive_third,False,27.89,26.25,1,wide_left,3,attacking_third,False,28.62,37.02,28.64,66.71,29.56,32.47,69.97,61.83
85,1937246,13088,13160,21:47.8,21:55.0,21,47,7.2,1,1,868,left_to_right,Melbourne V FC,3,False,False,False,build_up,0,high_block,10,-28.77,-25.58,5,wide_right,1,defensive_third,False,-20.33,-23.38,5,wide_right,1,defensive_third,False,32.48,49.38,61.7,45.15,36.96,31.8,67.19,67.64
86,1937246,13160,13221,21:55.0,22:01.1,21,55,6.1,1,1,868,left_to_right,Melbourne V FC,2,False,False,False,create,1,medium_block,9,-19.28,-24.56,5,wide_right,1,defensive_third,False,30.19,-20.74,5,wide_right,3,attacking_third,False,49.62,48.15,45.24,67.23,31.76,32.96,67.45,61.51
87,1937246,13221,13699,22:01.1,22:48.9,22,1,47.8,1,1,868,left_to_right,Melbourne V FC,18,True,False,False,finish,2,low_block,8,30.7,-20.38,5,wide_right,3,attacking_third,False,36.78,9.22,2,half_space_left,3,attacking_third,True,48.02,42.54,67.66,60.5,32.76,27.26,61.61,26.98
88,1937246,13699,13756,22:48.9,22:54.6,22,48,5.7,1,2,869,right_to_left,Sydney FC,2,True,False,False,chaotic,5,chaotic,5,-37.44,-9.38,4,half_space_right,1,defensive_third,False,-10.09,-18.18,4,half_space_right,2,middle_third,False,27.18,35.6,27.0,40.19,42.32,31.38,60.96,62.7
89,1937246,13756,13829,22:54.6,23:01.9,22,54,7.3,1,1,868,left_to_right,Melbourne V FC,1,True,False,True,finish,2,low_block,8,9.94,18.22,2,half_space_left,2,middle_third,False,21.36,-15.49,4,half_space_right,3,attacking_third,False,31.29,42.04,62.52,66.96,35.67,36.44,40.49,41.65
90,1937246,13829,13918,23:01.9,23:10.8,23,1,8.9,1,2,869,right_to_left,Sydney FC,1,True,False,True,transition,4,defending_transition,11,-21.28,15.98,2,half_space_left,1,defensive_third,False,37.78,-0.55,3,center,3,attacking_third,True,36.72,41.59,41.62,61.64,41.83,27.86,67.0,59.46
91,1937246,13918,14358,23:10.8,23:54.8,23,10,44.0,1,1,868,left_to_right,Melbourne V FC,11,False,False,False,create,1,medium_block,9,-39.77,0.45,3,center,1,defensive_third,False,15.1,28.92,1,wide_left,2,middle_third,False,28.0,59.95,59.25,59.07,41.42,39.39,61.58,37.55
92,1937246,14358,14387,23:54.8,23:57.7,23,54,2.9,1,1,868,left_to_right,Melbourne V FC,2,False,False,False,finish,2,low_block,8,15.54,29.26,1,wide_left,2,middle_third,False,7.12,30.54,1,wide_left,2,middle_third,False,59.89,57.31,59.23,61.38,39.7,42.41,37.53,36.36
93,1937246,14387,14436,23:57.7,24:02.6,23,57,4.9,1,1,868,left_to_right,Melbourne V FC,2,False,False,False,create,1,medium_block,9,5.98,30.03,1,wide_left,2,middle_third,False,-8.75,5.02,3,center,2,middle_third,False,57.22,53.21,61.3,54.1,42.29,37.31,36.33,40.19
94,1937246,14436,14492,24:02.6,24:08.2,24,2,5.6,1,1,868,left_to_right,Melbourne V FC,3,True,False,False,direct,6,defending_direct,15,-8.21,4.7,3,center,2,middle_third,False,35.84,-11.18,4,half_space_right,3,attacking_third,False,52.7,38.18,54.05,66.9,37.3,25.38,39.97,45.91
95,1937246,14492,14667,24:08.2,24:25.7,24,8,17.5,1,2,869,right_to_left,Sydney FC,4,False,False,True,build_up,0,high_block,10,-36.17,11.42,2,half_space_left,1,defensive_third,False,-20.4,-14.12,4,half_space_right,1,defensive_third,False,25.26,54.48,45.94,47.49,37.96,39.42,66.85,52.26
96,1937246,14667,14978,24:25.7,24:56.8,24,25,31.1,1,2,869,right_to_left,Sydney FC,13,False,False,True,create,1,medium_block,9,-19.93,-14.48,4,half_space_right,1,defensive_third,False,28.2,-20.57,5,wide_right,3,attacking_third,False,54.43,48.37,47.51,56.53,39.57,36.91,52.16,39.04
97,1937246,14978,15042,24:56.8,25:03.2,24,56,6.4,1,2,869,right_to_left,Sydney FC,2,True,False,True,finish,2,low_block,8,29.09,-20.73,5,wide_right,3,attacking_third,False,47.75,-6.25,3,center,3,attacking_third,True,47.86,33.1,56.73,67.82,36.78,31.22,39.1,36.49
98,1937246,15042,15083,25:03.2,25:07.3,25,3,4.1,1,1,868,left_to_right,Melbourne V FC,1,False,False,False,build_up,0,high_block,10,-47.09,6.89,3,center,1,defensive_third,False,-31.37,11.55,2,half_space_left,1,defensive_third,False,31.21,34.96,36.59,40.79,33.06,29.57,68.13,69.38
99,1937246,15083,15118,25:07.3,25:10.8,25,7,3.5,1,1,868,left_to_right,Melbourne V FC,1,True,False,False,direct,6,defending_direct,15,-30.54,10.71,2,half_space_left,1,defensive_third,False,14.34,-18.73,4,half_space_right,2,middle_third,False,34.99,36.91,40.94,45.04,29.38,34.78,69.15,63.7
100,1937246,15118,15282,25:10.8,25:27.2,25,10,16.4,1,2,869,right_to_left,Sydney FC,3,False,True,True,create,1,medium_block,9,-15.13,19.76,2,half_space_left,2,middle_third,False,-2.96,-11.28,4,half_space_right,2,middle_third,False,35.16,60.12,63.57,48.31,36.86,36.28,45.01,41.52
101,1937246,15282,15318,25:27.2,25:30.8,25,27,3.6,1,2,869,right_to_left,Sydney FC,1,False,True,True,direct,6,defending_direct,15,-2.65,-10.83,4,half_space_right,2,middle_third,False,34.0,20.97,1,wide_left,3,attacking_third,False,59.84,49.9,48.44,64.21,36.49,36.9,41.38,43.44
102,1937246,15318,15534,25:30.8,25:52.4,25,30,21.6,1,2,869,right_to_left,Sydney FC,7,False,True,True,finish,2,low_block,8,34.45,21.6,1,wide_left,3,attacking_third,False,53.3,-2.23,3,center,3,attacking_third,False,49.63,32.09,64.34,74.53,36.78,29.74,43.48,20.4
103,1937246,16280,16469,27:07.0,27:25.9,27,7,18.9,1,1,868,left_to_right,Melbourne V FC,9,False,False,False,create,1,medium_block,9,-1.47,0.55,3,center,2,middle_third,False,16.28,-32.05,5,wide_right,2,middle_third,False,48.27,58.54,44.44,60.18,39.49,38.25,43.41,40.48
104,1937246,16469,16496,27:25.9,27:28.6,27,25,2.7,1,1,868,left_to_right,Melbourne V FC,1,True,False,False,finish,2,low_block,8,16.45,-31.97,5,wide_right,2,middle_third,False,24.83,-19.92,4,half_space_right,3,attacking_third,False,58.27,45.45,60.37,61.03,38.33,32.53,40.34,35.74
105,1937246,16496,16566,27:28.6,27:35.6,27,28,7.0,1,2,869,right_to_left,Sydney FC,2,False,False,False,build_up,0,high_block,10,-25.19,19.7,2,half_space_left,1,defensive_third,False,-33.91,36.37,1,wide_left,1,defensive_third,False,32.26,42.28,35.65,40.23,45.1,40.06,60.93,65.91
106,1937246,16684,16706,27:47.4,27:49.6,27,47,2.2,1,2,869,right_to_left,Sydney FC,1,True,False,False,chaotic,5,chaotic,5,-28.26,35.12,1,wide_left,1,defensive_third,False,-16.9,25.98,1,wide_left,2,middle_third,False,38.24,35.11,46.74,45.61,28.66,28.02,59.01,57.15
107,1937246,16706,16720,27:49.6,27:51.0,27,49,1.4,1,1,868,left_to_right,Melbourne V FC,1,True,False,False,chaotic,5,chaotic,5,16.4,-25.8,5,wide_right,2,middle_third,False,14.23,-24.85,5,wide_right,2,middle_third,False,28.06,29.1,57.18,58.16,34.91,31.71,45.54,44.1
108,1937246,16720,16777,27:51.0,27:56.7,27,51,5.7,1,2,869,right_to_left,Sydney FC,1,True,False,False,chaotic,5,chaotic,5,-14.0,24.36,1,wide_left,2,middle_third,False,23.79,24.12,1,wide_left,3,attacking_third,False,31.48,34.9,44.04,61.7,29.21,33.65,58.21,56.88
109,1937246,16777,17109,27:56.7,28:29.9,27,56,33.2,1,1,868,left_to_right,Melbourne V FC,11,False,False,False,create,1,medium_block,9,-24.3,-24.28,5,wide_right,1,defensive_third,False,5.0,-24.98,5,wide_right,2,middle_third,False,34.12,60.96,56.84,62.78,34.83,34.78,61.96,38.16
110,1937246,17109,17122,28:29.9,28:31.2,28,29,1.3,1,1,868,left_to_right,Melbourne V FC,2,False,False,False,finish,2,low_block,8,5.04,-24.7,5,wide_right,2,middle_third,False,5.51,-15.13,4,half_space_right,2,middle_third,False,60.82,59.58,62.72,60.5,34.77,33.73,38.1,37.86
111,1937246,17122,17253,28:31.2,28:44.3,28,31,13.1,1,1,868,left_to_right,Melbourne V FC,4,False,False,False,create,1,medium_block,9,5.26,-14.98,4,half_space_right,2,middle_third,False,4.42,-24.34,5,wide_right,2,middle_third,False,59.5,57.0,60.22,58.24,33.73,38.39,37.85,38.27
112,1937246,17253,17309,28:44.3,28:49.9,28,44,5.6,1,1,868,left_to_right,Melbourne V FC,2,True,False,False,finish,2,low_block,8,5.61,-24.89,5,wide_right,2,middle_third,False,34.41,-18.23,4,half_space_right,3,attacking_third,False,57.03,40.53,58.19,65.08,38.45,31.74,38.25,33.36
113,1937246,17309,17338,28:49.9,28:52.8,28,49,2.9,1,2,869,right_to_left,Sydney FC,2,False,False,False,build_up,0,high_block,10,-34.15,18.43,2,half_space_left,1,defensive_third,False,-21.34,19.59,2,half_space_left,1,defensive_third,False,31.4,39.69,33.22,30.0,40.17,32.13,65.01,64.8
114,1937246,17338,17392,28:52.8,28:58.2,28,52,5.4,1,2,869,right_to_left,Sydney FC,2,False,False,False,create,1,medium_block,9,-19.88,18.28,2,half_space_left,1,defensive_third,False,-14.62,25.19,1,wide_left,2,middle_third,False,40.15,49.0,29.9,44.97,32.1,31.4,64.68,54.68
115,1937246,17628,17874,29:21.8,29:46.4,29,21,24.6,1,2,869,right_to_left,Sydney FC,10,False,False,True,create,1,medium_block,9,,,2,half_space_left,2,middle_third,False,18.18,-22.79,5,wide_right,3,attacking_third,False,,53.28,,58.7,,37.45,,35.32
116,1937246,17874,18169,29:46.4,30:15.9,29,46,29.5,1,2,869,right_to_left,Sydney FC,6,True,False,True,finish,2,low_block,8,18.48,-22.92,5,wide_right,3,attacking_third,False,46.89,2.71,3,center,3,attacking_third,True,53.15,26.56,58.91,66.46,37.72,31.9,35.14,18.26
117,1937246,18169,18555,30:15.9,30:54.5,30,15,38.6,1,1,868,left_to_right,Melbourne V FC,7,False,False,False,create,1,medium_block,9,-47.6,-2.97,3,center,1,defensive_third,False,17.75,-28.12,5,wide_right,3,attacking_third,False,31.9,60.08,18.29,57.59,26.49,31.58,66.34,36.87
118,1937246,18555,18600,30:54.5,30:59.0,30,54,4.5,1,1,868,left_to_right,Melbourne V FC,1,True,False,False,finish,2,low_block,8,18.35,-28.81,5,wide_right,3,attacking_third,False,29.66,-20.45,5,wide_right,3,attacking_third,False,59.96,40.81,57.78,64.44,31.77,29.89,36.91,33.76
119,1937246,18600,18716,30:59.0,31:10.6,30,59,11.6,1,2,869,right_to_left,Sydney FC,5,False,False,False,create,1,medium_block,9,-29.46,20.16,1,wide_left,1,defensive_third,False,23.79,-20.43,5,wide_right,3,attacking_third,False,29.54,41.52,33.7,61.31,40.54,31.67,64.46,45.35
120,1937246,18716,18836,31:10.6,31:22.6,31,10,12.0,1,2,869,right_to_left,Sydney FC,4,True,False,False,finish,2,low_block,8,24.32,-20.84,5,wide_right,3,attacking_third,False,31.27,10.43,2,half_space_left,3,attacking_third,False,41.41,32.4,61.65,64.14,31.74,24.52,45.29,32.39
121,1937246,18836,18874,31:22.6,31:26.4,31,22,3.8,1,1,868,left_to_right,Melbourne V FC,4,False,False,False,build_up,0,high_block,10,-32.04,-10.3,4,half_space_right,1,defensive_third,False,-20.22,-7.68,3,center,1,defensive_third,False,24.31,24.85,32.5,36.4,32.2,26.17,64.11,61.63
122,1937246,18874,18878,31:26.4,31:26.8,31,26,0.4,1,1,868,left_to_right,Melbourne V FC,0,False,False,False,create,1,medium_block,9,-19.7,-7.87,3,center,1,defensive_third,False,-18.26,-8.5,3,center,1,defensive_third,False,25.13,26.04,36.46,36.71,26.05,25.72,61.52,61.19
123,1937246,19108,19321,31:49.8,32:11.1,31,49,21.3,1,1,868,left_to_right,Melbourne V FC,6,False,False,False,create,1,medium_block,9,-17.46,-7.66,3,center,2,middle_third,False,17.86,30.66,1,wide_left,3,attacking_third,False,59.45,54.19,60.34,59.85,36.5,35.29,45.72,39.74
124,1937246,19321,19374,32:11.1,32:16.4,32,11,5.3,1,1,868,left_to_right,Melbourne V FC,2,True,False,False,finish,2,low_block,8,18.19,31.13,1,wide_left,3,attacking_third,False,44.38,31.16,1,wide_left,3,attacking_third,False,54.1,44.32,60.19,75.46,35.63,40.28,39.66,33.35
125,1937246,19374,19445,32:16.4,32:23.5,32,16,7.1,1,2,869,right_to_left,Sydney FC,3,False,False,False,build_up,0,high_block,10,-44.31,-30.91,5,wide_right,1,defensive_third,False,-20.74,-31.29,5,wide_right,1,defensive_third,False,40.39,42.35,33.22,41.2,44.22,36.35,75.31,64.32
126,1937246,19445,19480,32:23.5,32:27.0,32,23,3.5,1,2,869,right_to_left,Sydney FC,1,True,False,False,create,1,medium_block,9,-19.89,-31.33,5,wide_right,1,defensive_third,False,-12.83,-30.63,5,wide_right,2,middle_third,False,42.31,44.77,41.53,45.39,36.45,35.61,64.22,57.12
127,1937246,19480,19497,32:27.0,32:28.7,32,27,1.7,1,1,868,left_to_right,Melbourne V FC,1,True,False,False,chaotic,5,chaotic,5,12.61,30.69,1,wide_left,2,middle_third,False,4.83,30.74,1,wide_left,2,middle_third,False,35.68,36.8,56.94,54.05,44.8,43.86,45.2,42.66
128,1937246,19497,19549,32:28.7,32:33.9,32,28,5.2,1,2,869,right_to_left,Sydney FC,2,True,False,False,chaotic,5,chaotic,5,-4.67,-30.14,5,wide_right,2,middle_third,False,4.83,0.69,3,center,2,middle_third,False,43.86,32.88,42.64,47.96,36.79,29.41,53.86,48.62
129,1937246,19549,19641,32:33.9,32:43.1,32,33,9.2,1,1,868,left_to_right,Melbourne V FC,3,True,False,True,transition,4,defending_transition,11,-4.8,-0.32,3,center,2,middle_third,False,46.77,-4.93,3,center,3,attacking_third,True,29.42,30.23,48.51,68.11,33.36,30.66,48.32,53.18
130,1937246,19855,19969,33:04.5,33:15.9,33,4,11.4,1,2,869,right_to_left,Sydney FC,3,True,False,False,create,1,medium_block,9,-23.65,-11.38,4,half_space_right,1,defensive_third,False,27.44,-15.17,4,half_space_right,3,attacking_third,False,61.87,50.59,46.52,61.66,33.55,42.17,52.97,44.5
131,1937246,19969,19975,33:15.9,33:16.5,33,15,0.6,1,1,868,left_to_right,Melbourne V FC,1,True,False,False,chaotic,5,chaotic,5,-27.72,15.08,2,half_space_left,1,defensive_third,False,-28.77,16.99,2,half_space_left,1,defensive_third,False,42.18,42.34,44.6,45.17,50.27,48.53,61.92,62.79
132,1937246,19975,20019,33:16.5,33:20.9,33,16,4.4,1,2,869,right_to_left,Sydney FC,1,False,False,False,chaotic,5,chaotic,5,28.93,-17.6,4,half_space_right,3,attacking_third,False,47.41,-33.08,5,wide_right,3,attacking_third,False,48.17,42.03,62.92,68.18,42.39,44.1,45.26,45.14
133,1937246,20426,20563,34:01.6,34:15.3,34,1,13.7,1,2,869,right_to_left,Sydney FC,5,False,False,False,set_play,7,defending_set_play,13,50.24,-21.65,5,wide_right,3,attacking_third,False,5.87,-23.42,5,wide_right,2,middle_third,False,42.32,47.16,70.91,59.42,30.24,40.18,8.83,33.59
134,1937246,20563,20675,34:15.3,34:26.5,34,15,11.2,1,2,869,right_to_left,Sydney FC,2,False,False,False,create,1,medium_block,9,4.85,-22.89,5,wide_right,2,middle_third,False,19.51,-29.84,5,wide_right,3,attacking_third,False,47.25,46.64,59.26,52.52,39.9,41.04,33.57,31.12
135,1937246,20675,21015,34:26.5,35:00.5,34,26,34.0,1,2,869,right_to_left,Sydney FC,17,True,False,False,finish,2,low_block,8,20.23,-30.43,5,wide_right,3,attacking_third,False,41.88,-16.58,4,half_space_right,3,attacking_third,True,46.55,38.24,52.63,62.61,41.08,30.17,31.08,27.07
136,1937246,21350,21387,35:34.0,35:37.7,35,34,3.7,1,1,868,left_to_right,Melbourne V FC,2,True,False,False,create,1,medium_block,9,,,2,half_space_left,2,middle_third,False,25.23,-17.63,4,half_space_right,3,attacking_third,False,,47.1,,60.12,,32.23,,40.26
137,1937246,21387,21411,35:37.7,35:40.1,35,37,2.4,1,2,869,right_to_left,Sydney FC,1,True,False,False,chaotic,5,chaotic,5,-25.06,17.8,2,half_space_left,1,defensive_third,False,-1.44,28.02,1,wide_left,2,middle_third,False,32.06,34.31,40.32,41.71,46.97,49.6,60.12,57.96
138,1937246,21411,21544,35:40.1,35:53.4,35,40,13.3,1,1,868,left_to_right,Melbourne V FC,4,False,False,False,create,1,medium_block,9,0.77,-28.3,5,wide_right,2,middle_third,False,16.08,30.2,1,wide_left,2,middle_third,False,49.91,56.02,57.91,58.3,34.51,36.85,41.7,41.7
139,1937246,21544,21587,35:53.4,35:57.7,35,53,4.3,1,1,868,left_to_right,Melbourne V FC,2,False,False,False,finish,2,low_block,8,16.16,29.94,1,wide_left,2,middle_third,False,7.22,15.36,2,half_space_left,2,middle_third,False,55.61,43.85,58.3,57.38,36.93,29.15,41.66,37.7
140,1937246,21587,21630,35:57.7,36:02.0,35,57,4.3,1,1,868,left_to_right,Melbourne V FC,2,False,False,False,create,1,medium_block,9,6.76,15.31,2,half_space_left,2,middle_third,False,19.01,-4.34,3,center,3,attacking_third,False,43.56,51.97,57.28,56.89,29.21,31.34,37.75,36.47
141,1937246,21630,21696,36:02.0,36:08.6,36,2,6.6,1,1,868,left_to_right,Melbourne V FC,2,True,False,False,finish,2,low_block,8,20.88,-4.37,3,center,3,attacking_third,False,34.0,-29.36,5,wide_right,3,attacking_third,False,51.95,41.53,57.07,67.94,31.34,39.3,36.51,32.92
142,1937246,21696,21738,36:08.6,36:12.8,36,8,4.2,1,2,869,right_to_left,Sydney FC,1,False,False,False,build_up,0,high_block,10,-33.81,29.42,1,wide_left,1,defensive_third,False,-20.35,22.79,1,wide_left,1,defensive_third,False,39.12,39.3,32.76,39.92,41.3,39.78,68.02,65.87
143,1937246,21738,21878,36:12.8,36:26.8,36,12,14.0,1,2,869,right_to_left,Sydney FC,6,False,False,False,create,1,medium_block,9,-19.8,22.82,1,wide_left,1,defensive_third,False,22.75,-28.91,5,wide_right,3,attacking_third,False,39.52,52.41,40.33,54.01,39.72,36.96,65.75,37.23
144,1937246,21878,22054,36:26.8,36:44.4,36,26,17.6,1,2,869,right_to_left,Sydney FC,5,False,False,False,finish,2,low_block,8,23.08,-28.91,5,wide_right,3,attacking_third,False,43.79,-36.16,5,wide_right,3,attacking_third,False,52.23,42.03,54.12,69.64,36.97,40.11,37.1,25.12
145,1937246,22103,22271,36:49.3,37:06.1,36,49,16.8,1,2,869,right_to_left,Sydney FC,6,True,False,False,finish,2,low_block,8,37.52,-34.68,5,wide_right,3,attacking_third,False,27.74,-8.66,3,center,3,attacking_third,False,46.5,39.98,63.34,64.22,36.91,25.03,23.48,26.73
146,1937246,22271,22396,37:06.1,37:18.6,37,6,12.5,1,1,868,left_to_right,Melbourne V FC,4,False,False,True,transition,4,defending_transition,11,-27.51,8.31,3,center,1,defensive_third,False,52.45,4.1,3,center,3,attacking_third,True,25.22,26.45,26.84,75.38,39.7,25.91,64.27,47.34
147,1937246,22935,22945,38:12.5,38:13.5,38,12,1.0,1,1,868,left_to_right,Melbourne V FC,1,False,False,False,set_play,7,defending_set_play,13,51.29,30.88,1,wide_left,3,attacking_third,False,48.56,11.1,2,half_space_left,3,attacking_third,True,38.71,39.79,73.28,72.11,13.73,15.45,12.78,12.92
148,1937246,23207,23475,38:39.7,39:06.5,38,39,26.8,1,1,868,left_to_right,Melbourne V FC,12,True,False,False,finish,2,low_block,8,38.79,30.38,1,wide_left,3,attacking_third,False,48.14,10.46,2,half_space_left,3,attacking_third,True,32.99,35.79,66.5,70.89,28.02,35.53,16.46,33.57
149,1937246,23475,23660,39:06.5,39:25.0,39,6,18.5,1,2,869,right_to_left,Sydney FC,3,False,False,False,create,1,medium_block,9,-48.36,-10.25,4,half_space_right,1,defensive_third,False,-14.54,-12.18,4,half_space_right,2,middle_third,False,35.76,56.19,33.66,44.5,35.67,35.89,70.94,47.51
150,1937246,23660,23694,39:25.0,39:28.4,39,25,3.4,1,2,869,right_to_left,Sydney FC,1,True,False,False,direct,6,defending_direct,15,-13.88,-11.71,4,half_space_right,2,middle_third,False,28.43,10.59,2,half_space_left,3,attacking_third,False,55.78,39.56,44.88,61.13,35.97,34.08,47.37,47.97
151,1937246,23694,23765,39:28.4,39:35.5,39,28,7.1,1,1,868,left_to_right,Melbourne V FC,2,False,False,False,build_up,0,high_block,10,-29.53,-10.8,4,half_space_right,1,defensive_third,False,-23.47,-2.34,3,center,1,defensive_third,False,34.02,53.34,48.05,42.23,38.99,33.27,61.3,59.76
152,1937246,23765,23798,39:35.5,39:38.8,39,35,3.3,1,1,868,left_to_right,Melbourne V FC,1,True,False,False,direct,6,defending_direct,15,-22.63,-2.55,3,center,1,defensive_third,False,15.85,-21.56,5,wide_right,2,middle_third,False,53.48,45.67,42.38,56.08,33.19,34.41,59.55,56.62
153,1937246,23798,24051,39:38.8,40:04.1,39,38,25.3,1,2,869,right_to_left,Sydney FC,8,False,False,False,create,1,medium_block,9,-15.89,21.83,1,wide_left,2,middle_third,False,27.33,-28.36,5,wide_right,3,attacking_third,False,34.38,53.42,56.6,57.54,45.22,36.43,56.23,40.11
154,1937246,24051,24207,40:04.1,40:19.7,40,4,15.6,1,2,869,right_to_left,Sydney FC,3,True,False,False,finish,2,low_block,8,28.13,-28.34,5,wide_right,3,attacking_third,False,37.47,-13.3,4,half_space_right,3,attacking_third,True,53.08,41.74,58.01,63.04,36.44,24.65,40.0,27.82
155,1937246,24393,24498,40:38.3,40:48.8,40,38,10.5,1,1,868,left_to_right,Melbourne V FC,4,False,False,False,build_up,0,high_block,10,,,2,half_space_left,2,middle_third,False,-20.05,-22.31,5,wide_right,1,defensive_third,False,,53.78,,45.81,,34.58,,52.87
156,1937246,24498,24671,40:48.8,41:06.1,40,48,17.3,1,1,868,left_to_right,Melbourne V FC,3,False,False,False,create,1,medium_block,9,-19.8,-22.57,5,wide_right,1,defensive_third,False,12.57,15.53,2,half_space_left,2,middle_third,False,53.87,60.98,45.96,59.05,34.68,36.94,52.68,40.21
157,1937246,24671,24771,41:06.1,41:16.1,41,6,10.0,1,1,868,left_to_right,Melbourne V FC,2,False,False,False,finish,2,low_block,8,14.34,15.51,2,half_space_left,2,middle_third,False,-35.25,22.97,1,wide_left,1,defensive_third,False,60.73,32.16,59.55,33.41,36.7,45.2,40.37,79.05
158,1937246,24771,24785,41:16.1,41:17.5,41,16,1.4,1,1,868,left_to_right,Melbourne V FC,1,True,False,False,chaotic,5,chaotic,5,34.96,-23.28,5,wide_right,3,attacking_third,False,31.48,-28.34,5,wide_right,3,attacking_third,False,45.55,49.38,78.88,76.51,32.46,36.73,33.38,33.46
159,1937246,25002,25352,41:39.2,42:14.2,41,39,35.0,1,2,869,right_to_left,Sydney FC,15,True,False,False,create,1,medium_block,9,,,2,half_space_left,2,middle_third,False,14.91,-15.67,4,half_space_right,2,middle_third,False,,51.94,,51.88,,36.57,,37.22
160,1937246,26383,26486,43:57.3,44:07.6,43,57,10.3,1,1,868,left_to_right,Melbourne V FC,4,False,False,True,create,1,medium_block,9,,,2,half_space_left,2,middle_third,False,-8.15,-5.41,3,center,2,middle_third,False,,58.57,,53.57,,36.7,,41.33
161,1937246,26486,26517,44:07.6,44:10.7,44,7,3.1,1,1,868,left_to_right,Melbourne V FC,1,False,False,True,direct,6,defending_direct,15,-7.25,-4.7,3,center,2,middle_third,False,33.57,21.3,1,wide_left,3,attacking_third,False,58.39,48.1,53.59,69.67,36.76,34.36,41.28,42.9
162,1937246,26517,26608,44:10.7,44:19.8,44,10,9.1,1,1,868,left_to_right,Melbourne V FC,3,True,False,True,finish,2,low_block,8,34.1,21.52,1,wide_left,3,attacking_third,False,47.52,-0.89,3,center,3,attacking_third,True,47.53,25.41,70.07,71.2,34.18,20.77,42.97,29.28
163,1937246,26730,26840,44:32.0,44:43.0,44,32,11.0,1,2,869,right_to_left,Sydney FC,5,False,False,False,build_up,0,high_block,10,-45.91,1.05,3,center,1,defensive_third,False,-20.39,11.11,2,half_space_left,1,defensive_third,False,40.46,56.81,44.4,48.23,30.31,36.68,60.95,59.39
164,1937246,26840,27143,44:43.0,45:13.3,44,43,30.3,1,2,869,right_to_left,Sydney FC,9,True,False,False,create,1,medium_block,9,-19.92,11.33,2,half_space_left,1,defensive_third,False,20.91,13.92,2,half_space_left,3,attacking_third,False,56.83,56.57,48.33,54.06,36.54,32.96,59.06,36.95
165,1937246,27348,27429,45:33.8,45:41.9,45,33,8.1,1,1,868,left_to_right,Melbourne V FC,4,False,False,False,create,1,medium_block,9,,,2,half_space_left,2,middle_third,False,15.01,-32.55,5,wide_right,2,middle_third,False,,55.55,,58.25,,39.62,,39.86
166,1937246,27429,27442,45:41.9,45:43.2,45,41,1.3,1,1,868,left_to_right,Melbourne V FC,1,False,False,False,finish,2,low_block,8,14.9,-32.5,5,wide_right,2,middle_third,False,5.34,-29.13,5,wide_right,2,middle_third,False,55.37,54.61,58.42,58.71,39.81,39.87,39.8,39.2
167,1937246,27442,27489,45:43.2,45:47.9,45,43,4.7,1,1,868,left_to_right,Melbourne V FC,2,True,False,False,create,1,medium_block,9,4.83,-28.93,5,wide_right,2,middle_third,False,12.83,9.0,3,center,2,middle_third,False,54.62,57.64,58.54,54.71,39.72,34.7,39.19,40.64
168,1937246,27638,27653,46:02.8,46:04.3,46,2,1.5,1,2,869,right_to_left,Sydney FC,1,True,False,False,chaotic,5,chaotic,5,-33.6,-33.89,5,wide_right,1,defensive_third,False,-16.88,-29.92,5,wide_right,2,middle_third,False,41.79,39.01,47.78,48.41,38.31,37.45,70.08,69.11
169,1937246,27653,27669,46:04.3,46:05.9,46,4,1.6,1,1,868,left_to_right,Melbourne V FC,1,True,False,False,chaotic,5,chaotic,5,16.79,29.46,1,wide_left,2,middle_third,False,19.77,23.53,1,wide_left,3,attacking_third,False,37.44,36.43,69.02,66.67,38.83,35.83,48.4,47.93
170,1937246,27669,27706,46:05.9,46:09.6,46,5,3.7,1,2,869,right_to_left,Sydney FC,1,False,False,False,chaotic,5,chaotic,5,-19.67,-23.08,5,wide_right,1,defensive_third,False,-21.48,-27.78,5,wide_right,1,defensive_third,False,35.65,37.33,47.88,47.53,36.27,29.94,66.45,56.87
171,1937246,27706,27751,46:09.6,46:14.1,46,9,4.5,1,2,869,right_to_left,Sydney FC,1,True,False,False,direct,6,defending_direct,15,-20.14,-27.36,5,wide_right,1,defensive_third,False,38.03,-7.17,3,center,3,attacking_third,True,37.47,35.18,47.65,68.48,29.86,36.75,56.58,51.56
172,1937246,27751,27790,46:14.1,46:18.0,46,14,3.9,1,1,868,left_to_right,Melbourne V FC,2,False,False,False,build_up,0,high_block,10,-38.26,6.96,3,center,1,defensive_third,False,-20.22,-4.31,3,center,1,defensive_third,False,37.08,49.27,51.4,47.2,35.13,35.46,68.71,63.89
173,1937246,27790,27893,46:18.0,46:28.3,46,18,10.3,1,1,868,left_to_right,Melbourne V FC,3,False,False,False,create,1,medium_block,9,-19.53,-3.42,3,center,1,defensive_third,False,-3.19,-24.4,5,wide_right,2,middle_third,False,49.7,52.28,47.19,52.14,35.53,38.57,63.56,43.98
174,1937246,27893,27929,46:28.3,46:31.9,46,28,3.6,1,1,868,left_to_right,Melbourne V FC,1,True,False,False,direct,6,defending_direct,15,-2.77,-24.2,5,wide_right,2,middle_third,False,33.83,8.75,3,center,3,attacking_third,False,51.92,43.26,52.3,68.58,38.53,32.0,43.87,49.14
175,1937246,27929,28273,46:31.9,47:06.3,46,31,34.4,1,2,869,right_to_left,Sydney FC,11,False,False,False,create,1,medium_block,9,-34.74,-9.04,3,center,1,defensive_third,False,-3.79,-2.98,3,center,2,middle_third,False,31.94,62.0,49.33,50.13,43.22,37.95,68.94,40.46
176,1937246,28273,28323,47:06.3,47:11.3,47,6,5.0,1,2,869,right_to_left,Sydney FC,1,False,False,False,direct,6,defending_direct,15,-2.79,-2.31,3,center,2,middle_third,False,45.86,30.67,1,wide_left,3,attacking_third,False,61.67,57.44,50.22,75.42,38.05,40.45,40.43,40.92
177,1937246,28323,28364,47:11.3,47:15.4,47,11,4.1,1,2,869,right_to_left,Sydney FC,1,True,False,False,finish,2,low_block,8,46.21,30.76,1,wide_left,3,attacking_third,False,40.85,35.32,1,wide_left,3,attacking_third,False,57.45,52.77,75.77,68.99,40.74,43.11,40.84,37.89
178,1937246,28425,28617,47:21.5,47:40.7,47,21,19.2,1,1,868,left_to_right,Melbourne V FC,8,True,False,False,create,1,medium_block,9,-37.77,-33.69,5,wide_right,1,defensive_third,False,-0.85,12.36,2,half_space_left,2,middle_third,False,41.91,48.45,40.47,57.59,41.8,32.0,68.38,49.35
179,1937246,28839,28920,48:02.9,48:11.0,48,2,8.1,1,2,869,right_to_left,Sydney FC,1,False,False,False,set_play,7,defending_set_play,13,,,2,half_space_left,2,middle_third,False,,,2,half_space_left,2,middle_third,False,,,,,,,,
180,1937246,28920,29027,45:00.0,45:10.7,0,0,10.7,2,1,869,left_to_right,Sydney FC,0,True,False,False,create,1,medium_block,9,0.25,6.55,3,center,2,middle_third,False,0.88,-0.31,3,center,2,middle_third,False,33.72,34.5,42.31,43.4,32.7,40.87,45.56,39.85
181,1937246,29027,29077,45:10.7,45:15.7,0,10,5.0,2,2,868,right_to_left,Melbourne V FC,2,False,False,False,create,1,medium_block,9,-1.6,0.39,3,center,2,middle_third,False,-12.59,-6.41,3,center,2,middle_third,False,40.92,44.29,39.94,60.26,34.51,36.47,43.57,47.24
182,1937246,29077,29101,45:15.7,45:18.1,0,15,2.4,2,2,868,right_to_left,Melbourne V FC,1,True,False,False,direct,6,defending_direct,15,-11.99,-7.2,3,center,2,middle_third,False,28.08,-16.18,4,half_space_right,3,attacking_third,False,44.46,42.96,60.51,63.41,36.56,34.2,47.13,44.87
183,1937246,29101,29207,45:18.1,45:28.7,0,18,10.6,2,1,869,left_to_right,Sydney FC,3,True,False,False,create,1,medium_block,9,-27.93,15.81,2,half_space_left,1,defensive_third,False,12.81,25.08,1,wide_left,2,middle_third,False,33.88,37.35,44.8,60.05,42.71,25.23,63.21,42.7
184,1937246,29545,29656,46:02.5,46:13.6,1,2,11.1,2,2,868,right_to_left,Melbourne V FC,4,False,False,True,create,1,medium_block,9,-18.38,-0.24,3,center,1,defensive_third,False,12.6,-31.43,5,wide_right,2,middle_third,False,53.65,47.91,51.1,58.02,36.53,33.17,47.24,42.35
185,1937246,29656,29682,46:13.6,46:16.2,1,13,2.6,2,2,868,right_to_left,Melbourne V FC,1,False,False,True,finish,2,low_block,8,12.72,-31.42,5,wide_right,2,middle_third,False,8.47,-18.75,4,half_space_right,2,middle_third,False,47.56,44.5,58.05,55.97,33.18,31.64,42.3,39.3
186,1937246,29682,29726,46:16.2,46:20.6,1,16,4.4,2,2,868,right_to_left,Melbourne V FC,2,False,False,True,create,1,medium_block,9,8.19,-18.22,4,half_space_right,2,middle_third,False,4.7,6.8,3,center,2,middle_third,False,44.46,49.09,55.91,57.07,31.54,27.94,39.09,39.14
187,1937246,29726,29837,46:20.6,46:31.7,1,20,11.1,2,2,868,right_to_left,Melbourne V FC,5,True,False,True,finish,2,low_block,8,5.14,6.78,3,center,2,middle_third,False,45.52,7.7,3,center,3,attacking_third,True,49.23,37.25,57.19,69.61,27.77,21.3,39.14,36.72
188,1937246,30402,30878,47:28.2,48:15.8,2,28,47.6,2,1,869,left_to_right,Sydney FC,19,True,False,False,create,1,medium_block,9,,,2,half_space_left,2,middle_third,False,38.51,0.99,3,center,3,attacking_third,True,,35.55,,65.83,,28.86,,38.42
189,1937246,30878,30913,48:15.8,48:19.3,3,15,3.5,2,2,868,right_to_left,Melbourne V FC,1,False,False,False,chaotic,5,chaotic,5,-39.03,-1.06,3,center,1,defensive_third,False,-48.45,0.72,3,center,1,defensive_third,False,28.84,25.29,38.65,38.99,35.1,25.48,66.33,71.5
190,1937246,31407,31613,49:08.7,49:29.3,4,8,20.6,2,2,868,right_to_left,Melbourne V FC,7,False,False,False,create,1,medium_block,9,,,2,half_space_left,2,middle_third,False,16.19,27.69,1,wide_left,2,middle_third,False,,55.04,,56.36,,32.13,,44.62
191,1937246,31613,31702,49:29.3,49:38.2,4,29,8.9,2,2,868,right_to_left,Melbourne V FC,3,False,False,False,finish,2,low_block,8,16.87,28.31,1,wide_left,2,middle_third,False,6.41,19.64,2,half_space_left,2,middle_third,False,55.01,55.82,56.64,57.05,32.48,31.67,44.65,35.48
192,1937246,31702,31736,49:38.2,49:41.6,4,38,3.4,2,2,868,right_to_left,Melbourne V FC,1,False,False,False,create,1,medium_block,9,5.4,19.33,2,half_space_left,2,middle_third,False,4.9,19.0,2,half_space_left,2,middle_third,False,56.01,59.77,56.98,54.64,31.61,32.66,35.59,38.39
193,1937246,31736,31817,49:41.6,49:49.7,4,41,8.1,2,2,868,right_to_left,Melbourne V FC,4,False,False,False,finish,2,low_block,8,5.35,20.06,2,half_space_left,2,middle_third,False,7.27,18.11,2,half_space_left,2,middle_third,False,59.91,55.85,54.72,55.46,32.82,37.42,38.4,34.06
194,1937246,31817,31848,49:49.7,49:52.8,4,49,3.1,2,2,868,right_to_left,Melbourne V FC,1,False,False,False,create,1,medium_block,9,6.04,17.66,2,half_space_left,2,middle_third,False,4.77,-6.15,3,center,2,middle_third,False,55.89,58.73,55.31,52.75,37.27,33.81,34.06,33.64
195,1937246,31848,31944,49:52.8,50:02.4,4,52,9.6,2,2,868,right_to_left,Melbourne V FC,5,False,False,False,finish,2,low_block,8,5.2,-7.54,3,center,2,middle_third,False,5.58,-18.49,4,half_space_right,2,middle_third,False,58.82,51.92,52.76,56.61,33.79,33.49,33.66,32.25
196,1937246,31944,31971,50:02.4,50:05.1,5,2,2.7,2,2,868,right_to_left,Melbourne V FC,1,False,False,False,create,1,medium_block,9,5.14,-17.04,4,half_space_right,2,middle_third,False,4.16,-1.9,3,center,2,middle_third,False,52.18,57.83,56.48,53.09,33.43,31.96,32.31,33.31
197,1937246,31971,32074,50:05.1,50:15.4,5,5,10.3,2,2,868,right_to_left,Melbourne V FC,3,True,False,False,finish,2,low_block,8,6.19,-1.17,3,center,2,middle_third,False,36.96,12.82,2,half_space_left,3,attacking_third,True,57.93,32.68,52.95,65.73,31.82,29.31,33.32,38.1
198,1937246,32074,32139,50:15.4,50:21.9,5,15,6.5,2,1,869,left_to_right,Sydney FC,2,False,False,False,transition,4,defending_transition,11,-36.88,-12.39,4,half_space_right,1,defensive_third,False,1.04,-0.46,3,center,2,middle_third,False,29.23,40.92,38.0,48.59,31.9,20.63,65.91,52.07
199,1937246,32388,32404,50:46.8,50:48.4,5,46,1.6,2,1,869,left_to_right,Sydney FC,1,False,False,True,create,1,medium_block,9,,,2,half_space_left,2,middle_third,False,,,2,half_space_left,2,middle_third,False,,,,,,,,
200,1937246,32404,32478,50:48.4,50:55.8,5,48,7.4,2,1,869,left_to_right,Sydney FC,2,False,False,True,finish,2,low_block,8,15.63,16.65,2,half_space_left,2,middle_third,False,5.51,9.0,3,center,2,middle_third,False,57.86,60.03,50.85,51.7,31.32,32.84,33.16,34.02
201,1937246,32478,32534,50:55.8,51:01.4,5,55,5.6,2,1,869,left_to_right,Sydney FC,2,False,False,True,create,1,medium_block,9,5.07,7.83,3,center,2,middle_third,False,15.82,-29.07,5,wide_right,2,middle_third,False,60.07,58.3,51.63,51.46,32.73,30.17,34.09,34.75
202,1937246,32534,32576,51:01.4,51:05.6,6,1,4.2,2,1,869,left_to_right,Sydney FC,3,False,False,True,finish,2,low_block,8,16.33,-29.63,5,wide_right,2,middle_third,False,13.92,-20.01,4,half_space_right,2,middle_third,False,58.07,54.52,51.49,50.69,30.07,30.72,34.75,35.94
203,1937246,32576,32601,51:05.6,51:08.1,6,5,2.5,2,1,869,left_to_right,Sydney FC,3,False,False,True,create,1,medium_block,9,13.78,-20.1,4,half_space_right,2,middle_third,False,15.03,-20.01,4,half_space_right,2,middle_third,False,54.56,53.49,50.58,49.24,30.69,28.97,35.87,32.49
204,1937246,32601,32751,51:08.1,51:23.1,6,8,15.0,2,1,869,left_to_right,Sydney FC,6,True,False,True,finish,2,low_block,8,15.2,-19.56,4,half_space_right,2,middle_third,False,46.79,-3.9,3,center,3,attacking_third,True,53.34,37.67,49.25,63.42,28.66,27.59,32.47,30.28
205,1937246,32751,33198,51:23.1,52:07.8,6,23,44.7,2,2,868,right_to_left,Melbourne V FC,9,True,False,False,create,1,medium_block,9,-47.44,3.35,3,center,1,defensive_third,False,16.79,5.38,3,center,2,middle_third,False,27.28,55.54,30.32,56.36,37.12,26.83,63.48,37.09
206,1937246,33198,33256,52:07.8,52:13.6,7,7,5.8,2,1,869,left_to_right,Sydney FC,2,True,False,False,transition,4,defending_transition,11,-16.53,-5.32,3,center,2,middle_third,False,26.22,-6.14,3,center,3,attacking_third,False,26.57,27.58,37.12,62.06,55.43,40.41,56.5,49.04
207,1937246,33256,33303,52:13.6,52:18.3,7,13,4.7,2,2,868,right_to_left,Melbourne V FC,2,False,False,False,build_up,0,high_block,10,-26.68,5.95,3,center,1,defensive_third,False,-20.34,1.62,3,center,1,defensive_third,False,40.38,43.32,48.63,40.1,27.5,23.13,62.34,59.83
208,1937246,33303,33371,52:18.3,52:25.1,7,18,6.8,2,2,868,right_to_left,Melbourne V FC,2,False,False,False,create,1,medium_block,9,-19.88,1.43,3,center,1,defensive_third,False,22.55,-28.17,5,wide_right,3,attacking_third,False,43.49,41.19,40.15,62.04,23.08,31.01,59.64,56.97
209,1937246,33371,33445,52:25.1,52:32.5,7,25,7.4,2,2,868,right_to_left,Melbourne V FC,3,True,False,False,finish,2,low_block,8,23.1,-28.04,5,wide_right,3,attacking_third,False,36.18,-11.91,4,half_space_right,3,attacking_third,True,41.01,39.97,62.44,68.22,31.24,22.06,56.88,41.53
210,1937246,33445,33477,52:32.5,52:35.7,7,32,3.2,2,1,869,left_to_right,Sydney FC,2,False,False,True,build_up,0,high_block,10,-36.43,12.06,2,half_space_left,1,defensive_third,False,-20.47,19.87,2,half_space_left,1,defensive_third,False,21.74,25.44,41.4,40.02,39.81,31.54,68.66,64.63
211,1937246,33477,33804,52:35.7,53:08.4,7,35,32.7,2,1,869,left_to_right,Sydney FC,10,False,False,True,create,1,medium_block,9,-19.53,20.12,2,half_space_left,1,defensive_third,False,17.83,-26.19,5,wide_right,3,attacking_third,False,25.72,53.62,40.26,49.04,31.48,31.72,64.25,32.64
212,1937246,33804,34522,53:08.4,54:20.2,8,8,71.8,2,1,869,left_to_right,Sydney FC,27,False,False,True,finish,2,low_block,8,18.62,-27.01,5,wide_right,3,attacking_third,False,-40.36,14.05,2,half_space_left,1,defensive_third,False,53.65,25.96,49.26,28.02,32.0,23.89,32.67,56.92
213,1937246,34522,34544,54:20.2,54:22.4,9,20,2.2,2,1,869,left_to_right,Sydney FC,1,True,False,False,chaotic,5,chaotic,5,40.31,-14.22,4,half_space_right,3,attacking_third,True,36.85,-8.2,3,center,3,attacking_third,True,23.37,21.06,57.0,57.1,25.95,17.88,28.05,27.46
214,1937246,34544,34570,54:22.4,54:25.0,9,22,2.6,2,2,868,right_to_left,Melbourne V FC,1,True,False,False,chaotic,5,chaotic,5,-36.09,7.33,3,center,1,defensive_third,False,-15.44,-5.16,3,center,2,middle_third,False,17.31,20.55,27.46,27.39,20.97,26.05,57.16,53.88
215,1937246,34570,34831,54:25.0,54:51.1,9,25,26.1,2,1,869,left_to_right,Sydney FC,13,True,False,False,finish,2,low_block,8,15.28,5.27,3,center,2,middle_third,False,35.92,2.62,3,center,3,attacking_third,False,26.48,45.37,53.63,46.22,20.84,25.52,27.23,23.83
216,1937246,34831,34859,54:51.1,54:53.9,9,51,2.8,2,2,868,right_to_left,Melbourne V FC,1,True,False,False,chaotic,5,chaotic,5,-35.96,-2.45,3,center,1,defensive_third,False,-20.49,12.61,2,half_space_left,1,defensive_third,False,25.15,23.78,23.84,26.62,45.16,40.28,46.34,48.84
217,1937246,34859,34923,54:53.9,55:00.3,9,53,6.4,2,1,869,left_to_right,Sydney FC,3,False,False,False,create,1,medium_block,9,19.46,-12.81,4,half_space_right,3,attacking_third,False,9.66,-18.31,4,half_space_right,2,middle_third,False,40.22,47.73,49.02,47.79,23.95,28.16,27.16,33.97
218,1937246,34923,35026,55:00.3,55:10.6,10,0,10.3,2,1,869,left_to_right,Sydney FC,5,True,False,False,finish,2,low_block,8,9.74,-19.21,4,half_space_right,2,middle_third,False,33.74,-25.99,5,wide_right,3,attacking_third,False,47.99,43.59,47.84,53.58,28.07,30.54,33.92,28.88
219,1937246,35026,35036,55:10.6,55:11.6,10,10,1.0,2,2,868,right_to_left,Melbourne V FC,1,True,False,False,chaotic,5,chaotic,5,-34.12,25.52,1,wide_left,1,defensive_third,False,-41.18,22.57,1,wide_left,1,defensive_third,False,30.33,28.85,28.8,28.66,43.4,41.88,53.52,53.6
220,1937246,35325,35525,55:40.5,56:00.5,10,40,20.0,2,1,869,left_to_right,Sydney FC,5,False,False,False,set_play,7,defending_set_play,13,43.43,-11.85,4,half_space_right,3,attacking_third,True,19.74,-16.6,4,half_space_right,3,attacking_third,False,44.18,53.5,58.42,46.98,26.52,29.29,10.53,28.45
221,1937246,35525,35570,56:00.5,56:05.0,11,0,4.5,2,1,869,left_to_right,Sydney FC,2,True,False,False,finish,2,low_block,8,20.86,-18.03,4,half_space_right,3,attacking_third,False,28.17,-22.25,5,wide_right,3,attacking_third,False,53.34,40.83,46.99,51.93,29.56,30.55,28.35,22.4
222,1937246,35570,35663,56:05.0,56:14.3,11,5,9.3,2,2,868,right_to_left,Melbourne V FC,2,False,False,False,build_up,0,high_block,10,-27.67,22.13,1,wide_left,1,defensive_third,False,-20.16,30.22,1,wide_left,1,defensive_third,False,30.35,41.37,22.33,44.08,40.85,40.11,51.97,51.49
223,1937246,35663,35686,56:14.3,56:16.6,11,14,2.3,2,2,868,right_to_left,Melbourne V FC,1,False,False,False,create,1,medium_block,9,-19.36,30.47,1,wide_left,1,defensive_third,False,-19.84,29.13,1,wide_left,1,defensive_third,False,41.5,43.51,43.93,42.9,40.04,39.29,51.31,50.71
224,1937246,35686,35703,56:16.6,56:18.3,11,16,1.7,2,2,868,right_to_left,Melbourne V FC,1,False,False,False,build_up,0,high_block,10,-20.9,28.46,1,wide_left,1,defensive_third,False,-31.81,10.31,2,half_space_left,1,defensive_third,False,43.56,43.57,42.85,41.74,39.15,36.27,50.89,51.99
225,1937246,36126,36347,57:00.6,57:22.7,12,0,22.1,2,2,868,right_to_left,Melbourne V FC,6,False,False,False,create,1,medium_block,9,-17.33,5.81,3,center,2,middle_third,False,4.39,-20.78,5,wide_right,2,middle_third,False,54.35,58.17,53.63,56.32,33.84,32.16,42.18,37.97
226,1937246,36347,36430,57:22.7,57:31.0,12,22,8.3,2,2,868,right_to_left,Melbourne V FC,2,False,False,False,finish,2,low_block,8,5.47,-21.91,5,wide_right,2,middle_third,False,49.76,-29.78,5,wide_right,3,attacking_third,False,57.84,40.57,56.41,74.55,32.54,33.27,37.91,33.05
227,1937246,36725,36852,58:00.5,58:13.2,13,0,12.7,2,2,868,right_to_left,Melbourne V FC,4,False,False,True,set_play,7,defending_set_play,13,49.9,-31.62,5,wide_right,3,attacking_third,False,5.07,25.6,1,wide_left,2,middle_third,False,40.86,57.78,69.89,54.04,16.83,35.5,13.67,39.41
228,1937246,36852,36860,58:13.2,58:14.0,13,13,0.8,2,2,868,right_to_left,Melbourne V FC,1,False,False,False,create,1,medium_block,9,4.81,25.98,1,wide_left,2,middle_third,False,4.52,27.93,1,wide_left,2,middle_third,False,57.89,58.65,54.11,54.46,35.88,38.43,39.77,41.45
229,1937246,36860,36911,58:14.0,58:19.1,13,14,5.1,2,2,868,right_to_left,Melbourne V FC,2,False,False,False,finish,2,low_block,8,5.01,28.04,1,wide_left,2,middle_third,False,15.65,28.14,1,wide_left,2,middle_third,False,58.76,54.14,54.49,55.51,38.75,37.31,41.53,42.39
230,1937246,37049,37079,58:32.9,58:35.9,13,32,3.0,2,2,868,right_to_left,Melbourne V FC,1,False,False,False,create,1,medium_block,9,,,2,half_space_left,2,middle_third,False,,,2,half_space_left,2,middle_third,False,,,,,,,,
231,1937246,37079,37118,58:35.9,58:39.8,13,35,3.9,2,2,868,right_to_left,Melbourne V FC,1,True,False,False,finish,2,low_block,8,31.89,29.27,1,wide_left,3,attacking_third,False,48.26,20.82,1,wide_left,3,attacking_third,False,35.47,26.59,60.27,66.17,33.93,28.01,22.84,16.65
232,1937246,37118,37180,58:39.8,58:46.0,13,39,6.2,2,1,869,left_to_right,Sydney FC,2,True,False,False,build_up,0,high_block,10,-48.17,-20.95,5,wide_right,1,defensive_third,False,-27.14,-30.16,5,wide_right,1,defensive_third,False,28.06,41.93,16.61,32.65,26.57,34.56,66.12,61.77
233,1937246,37275,37373,58:55.5,59:05.3,13,55,9.8,2,2,868,right_to_left,Melbourne V FC,3,False,False,False,create,1,medium_block,9,3.27,33.25,1,wide_left,2,middle_third,False,6.73,-9.36,4,half_space_right,2,middle_third,False,40.2,53.15,55.6,54.2,30.65,29.44,36.84,36.07
234,1937246,37373,37846,59:05.3,59:52.6,14,5,47.3,2,2,868,right_to_left,Melbourne V FC,17,True,False,False,finish,2,low_block,8,7.22,-9.64,4,half_space_right,2,middle_third,False,37.36,-2.99,3,center,3,attacking_third,True,53.18,35.17,54.29,65.19,29.2,22.21,35.94,23.0
235,1937246,37846,37863,59:52.6,59:54.3,14,52,1.7,2,1,869,left_to_right,Sydney FC,1,True,False,True,chaotic,5,chaotic,5,-37.06,2.45,3,center,1,defensive_third,False,-24.28,8.29,3,center,1,defensive_third,False,22.39,22.1,23.03,27.4,34.92,31.35,65.14,64.88
236,1937246,37863,37873,59:54.3,59:55.3,14,54,1.0,2,2,868,right_to_left,Melbourne V FC,1,True,False,True,finish,2,low_block,8,24.85,-7.62,3,center,3,attacking_third,False,46.76,6.02,3,center,3,attacking_third,True,31.26,30.7,64.86,64.41,21.89,19.95,27.86,32.16
237,1937246,38041,38289,60:12.1,60:36.9,15,12,24.8,2,1,869,left_to_right,Sydney FC,10,True,False,False,create,1,medium_block,9,-47.71,-0.39,3,center,1,defensive_third,False,24.44,-23.85,5,wide_right,3,attacking_third,False,53.06,54.68,53.42,57.84,31.39,30.11,57.79,43.04
238,1937246,38289,38319,60:36.9,60:39.9,15,36,3.0,2,2,868,right_to_left,Melbourne V FC,1,True,False,False,chaotic,5,chaotic,5,-25.07,24.07,1,wide_left,1,defensive_third,False,-20.7,23.98,1,wide_left,1,defensive_third,False,30.13,36.2,43.27,47.02,54.19,43.4,58.44,59.11
239,1937246,38319,38472,60:39.9,60:55.2,15,39,15.3,2,1,869,left_to_right,Sydney FC,7,False,False,False,finish,2,low_block,8,20.67,-23.89,5,wide_right,3,attacking_third,False,5.5,2.57,3,center,2,middle_third,False,43.14,52.96,58.91,50.26,36.2,32.31,47.0,31.18
240,1937246,38472,38480,60:55.2,60:56.0,15,55,0.8,2,1,869,left_to_right,Sydney FC,1,False,False,False,create,1,medium_block,9,5.15,1.87,3,center,2,middle_third,False,4.99,-0.52,3,center,2,middle_third,False,53.12,54.14,50.16,49.58,32.3,31.98,31.14,30.9
241,1937246,38480,38581,60:56.0,61:06.1,15,56,10.1,2,1,869,left_to_right,Sydney FC,4,False,False,False,finish,2,low_block,8,5.05,-0.74,3,center,2,middle_third,False,5.74,-1.93,3,center,2,middle_third,False,54.26,51.94,49.51,50.45,31.93,33.77,30.87,32.39
242,1937246,38581,38591,61:06.1,61:07.1,16,6,1.0,2,1,869,left_to_right,Sydney FC,1,False,False,False,create,1,medium_block,9,5.28,-0.96,3,center,2,middle_third,False,4.97,1.46,3,center,2,middle_third,False,52.07,53.38,50.34,49.56,33.87,34.39,32.37,32.15
243,1937246,38591,38594,61:07.1,61:07.4,16,7,0.3,2,1,869,left_to_right,Sydney FC,1,False,False,False,finish,2,low_block,8,5.02,1.55,3,center,2,middle_third,False,5.23,1.86,3,center,2,middle_third,False,53.54,53.85,49.45,49.23,34.41,34.47,32.12,32.08
244,1937246,38594,38614,61:07.4,61:09.4,16,7,2.0,2,1,869,left_to_right,Sydney FC,2,False,False,False,create,1,medium_block,9,5.53,2.18,3,center,2,middle_third,False,9.57,7.87,3,center,2,middle_third,False,54.0,55.83,49.12,48.29,34.49,35.35,32.08,32.82
245,1937246,38614,38639,61:09.4,61:11.9,16,9,2.5,2,1,869,left_to_right,Sydney FC,2,False,False,False,finish,2,low_block,8,9.65,7.98,3,center,2,middle_third,False,6.71,-1.85,3,center,2,middle_third,False,55.87,55.76,48.31,49.8,35.46,34.36,32.97,37.98
246,1937246,38639,38667,61:11.9,61:14.7,16,11,2.8,2,1,869,left_to_right,Sydney FC,2,False,False,False,create,1,medium_block,9,7.18,-2.72,3,center,2,middle_third,False,11.3,-20.1,4,half_space_right,2,middle_third,False,55.75,56.12,49.83,50.18,34.23,34.26,37.98,33.59
247,1937246,38667,38708,61:14.7,61:18.8,16,14,4.1,2,1,869,left_to_right,Sydney FC,2,False,False,False,finish,2,low_block,8,11.24,-20.38,5,wide_right,2,middle_third,False,7.14,-13.11,4,half_space_right,2,middle_third,False,56.15,54.25,50.22,47.42,34.34,30.48,33.55,33.07
248,1937246,38708,38734,61:18.8,61:21.4,16,18,2.6,2,1,869,left_to_right,Sydney FC,2,False,False,False,create,1,medium_block,9,7.14,-12.92,4,half_space_right,2,middle_third,False,10.75,10.75,2,half_space_left,2,middle_third,False,54.32,56.69,47.29,47.61,30.53,33.73,33.04,32.01
249,1937246,38734,38779,61:21.4,61:25.9,16,21,4.5,2,1,869,left_to_right,Sydney FC,3,False,False,False,finish,2,low_block,8,10.89,11.19,2,half_space_left,2,middle_third,False,7.13,21.48,1,wide_left,2,middle_third,False,56.74,51.46,47.7,50.47,33.91,35.73,31.94,34.61
250,1937246,38779,39058,61:25.9,61:53.8,16,25,27.9,2,1,869,left_to_right,Sydney FC,13,False,False,False,create,1,medium_block,9,6.88,21.54,1,wide_left,2,middle_third,False,9.79,26.91,1,wide_left,2,middle_third,False,51.55,56.29,50.39,52.02,35.71,32.0,34.96,31.17
251,1937246,39058,39147,61:53.8,62:02.7,16,53,8.9,2,1,869,left_to_right,Sydney FC,6,False,False,False,finish,2,low_block,8,9.96,26.84,1,wide_left,2,middle_third,False,9.74,18.97,2,half_space_left,2,middle_third,False,56.46,60.0,51.95,48.43,31.87,31.5,31.13,31.24
252,1937246,39147,39166,62:02.7,62:04.6,17,2,1.9,2,1,869,left_to_right,Sydney FC,1,False,False,False,create,1,medium_block,9,9.9,19.24,2,half_space_left,2,middle_third,False,11.38,20.85,1,wide_left,2,middle_third,False,60.02,58.98,48.38,48.72,31.65,33.69,31.3,32.29
253,1937246,39166,39176,62:04.6,62:05.6,17,4,1.0,2,1,869,left_to_right,Sydney FC,1,False,False,False,finish,2,low_block,8,11.4,20.69,1,wide_left,2,middle_third,False,9.98,15.3,2,half_space_left,2,middle_third,False,58.88,57.83,48.78,49.55,33.75,33.7,32.31,33.22
254,1937246,39176,39208,62:05.6,62:08.8,17,5,3.2,2,1,869,left_to_right,Sydney FC,1,True,False,False,create,1,medium_block,9,9.35,13.86,2,half_space_left,2,middle_third,False,13.65,12.92,2,half_space_left,2,middle_third,False,57.73,52.58,49.66,49.22,33.62,31.97,33.47,40.78
255,1937246,39208,39252,62:08.8,62:13.2,17,8,4.4,2,2,868,right_to_left,Melbourne V FC,2,True,False,False,transition,4,defending_transition,11,-13.51,-13.26,4,half_space_right,2,middle_third,False,25.83,-8.42,3,center,3,attacking_third,False,31.88,31.31,41.19,63.83,52.37,42.38,49.36,57.11
256,1937246,39252,39311,62:13.2,62:19.1,17,13,5.9,2,1,869,left_to_right,Sydney FC,2,False,False,False,build_up,0,high_block,10,-26.58,7.97,3,center,1,defensive_third,False,-20.59,-22.57,5,wide_right,1,defensive_third,False,42.3,45.7,57.35,47.76,31.3,37.28,64.43,75.34
257,1937246,39311,39416,62:19.1,62:29.6,17,19,10.5,2,1,869,left_to_right,Sydney FC,3,False,False,False,create,1,medium_block,9,-19.75,-23.15,5,wide_right,1,defensive_third,False,21.46,-28.5,5,wide_right,3,attacking_third,False,45.76,50.67,47.49,55.83,37.31,27.54,75.31,57.19
258,1937246,39416,39567,62:29.6,62:44.7,17,29,15.1,2,1,869,left_to_right,Sydney FC,4,True,False,False,finish,2,low_block,8,21.89,-28.25,5,wide_right,3,attacking_third,False,26.68,-3.9,3,center,3,attacking_third,False,50.14,36.12,56.17,56.41,27.63,26.86,57.07,27.56
259,1937246,39704,40013,62:58.4,63:29.3,17,58,30.9,2,2,868,right_to_left,Melbourne V FC,8,False,False,False,create,1,medium_block,9,,,2,half_space_left,2,middle_third,False,12.14,-30.1,5,wide_right,2,middle_third,False,,54.76,,56.54,,35.73,,38.93
260,1937246,40013,40034,63:29.3,63:31.4,18,29,2.1,2,2,868,right_to_left,Melbourne V FC,1,True,False,False,finish,2,low_block,8,12.85,-30.75,5,wide_right,2,middle_third,False,29.78,-27.19,5,wide_right,3,attacking_third,False,54.44,48.62,56.71,62.34,35.95,37.15,38.89,39.27
261,1937246,40356,40416,64:03.6,64:09.6,19,3,6.0,2,1,869,left_to_right,Sydney FC,3,True,False,False,build_up,0,high_block,10,-46.8,-0.18,3,center,1,defensive_third,False,-21.12,25.63,1,wide_left,1,defensive_third,False,60.17,58.81,47.45,50.41,39.84,42.32,67.3,67.55
262,1937246,40490,40596,64:17.0,64:27.6,19,17,10.6,2,2,868,right_to_left,Melbourne V FC,3,False,False,True,create,1,medium_block,9,-20.4,-5.44,3,center,1,defensive_third,False,9.88,12.9,2,half_space_left,2,middle_third,False,38.76,53.23,58.33,57.09,35.25,28.58,56.2,38.41
263,1937246,40596,40652,64:27.6,64:33.2,19,27,5.6,2,2,868,right_to_left,Melbourne V FC,2,True,False,True,finish,2,low_block,8,10.81,13.8,2,half_space_left,2,middle_third,False,50.24,-0.19,3,center,3,attacking_third,True,53.02,44.42,57.6,68.65,28.41,26.71,38.25,32.88
264,1937246,40652,40834,64:33.2,64:51.4,19,33,18.2,2,1,869,left_to_right,Sydney FC,1,True,False,False,build_up,0,high_block,10,-50.2,0.24,3,center,1,defensive_third,False,-29.66,-25.98,5,wide_right,1,defensive_third,False,26.65,55.36,32.8,46.99,44.26,37.37,68.66,64.4
265,1937246,40940,41250,65:02.0,65:33.0,20,2,31.0,2,2,868,right_to_left,Melbourne V FC,11,False,False,False,finish,2,low_block,8,27.0,32.98,1,wide_left,3,attacking_third,False,31.09,-25.02,5,wide_right,3,attacking_third,False,40.68,27.27,68.75,66.28,29.27,31.63,28.08,21.7
266,1937246,41814,41868,66:29.4,66:34.8,21,29,5.4,2,2,868,right_to_left,Melbourne V FC,3,True,False,False,set_play,7,defending_set_play,13,35.69,-22.17,5,wide_right,3,attacking_third,False,-34.7,-6.04,3,center,1,defensive_third,False,33.51,9.7,60.47,21.25,22.46,26.66,9.92,60.83
267,1937246,42276,42485,67:15.6,67:36.5,22,15,20.9,2,1,869,left_to_right,Sydney FC,6,True,False,False,build_up,0,high_block,10,,,2,half_space_left,2,middle_third,False,-23.45,-1.95,3,center,1,defensive_third,False,,40.58,,46.46,,27.11,,60.37
268,1937246,42485,42511,67:36.5,67:39.1,22,36,2.6,2,2,868,right_to_left,Melbourne V FC,1,False,False,False,chaotic,5,chaotic,5,23.56,1.83,3,center,3,attacking_third,False,20.27,-5.34,3,center,3,attacking_third,False,26.94,27.62,60.54,58.55,40.14,37.52,46.29,44.68
269,1937246,43075,43085,68:35.5,68:36.5,23,35,1.0,2,2,868,right_to_left,Melbourne V FC,1,False,False,False,direct,6,defending_direct,15,25.46,-5.05,3,center,3,attacking_third,False,31.72,4.0,3,center,3,attacking_third,False,27.68,22.01,57.62,58.86,21.06,19.0,18.45,18.01
270,1937246,43156,43377,68:43.6,69:05.7,23,43,22.1,2,2,868,right_to_left,Melbourne V FC,8,False,False,False,finish,2,low_block,8,28.13,33.88,1,wide_left,3,attacking_third,False,5.29,-10.19,4,half_space_right,2,middle_third,False,39.87,46.08,59.06,56.23,19.23,31.23,21.29,32.72
271,1937246,43377,43383,69:05.7,69:06.3,24,5,0.6,2,2,868,right_to_left,Melbourne V FC,1,False,False,False,create,1,medium_block,9,5.04,-9.76,4,half_space_right,2,middle_third,False,4.99,-8.82,3,center,2,middle_third,False,46.31,47.41,56.09,55.47,31.21,30.92,32.75,32.86
272,1937246,43383,43448,69:06.3,69:12.8,24,6,6.5,2,2,868,right_to_left,Melbourne V FC,3,True,False,False,finish,2,low_block,8,5.14,-8.88,3,center,2,middle_third,False,28.64,-30.99,5,wide_right,3,attacking_third,False,47.63,44.98,55.36,60.28,30.84,40.23,32.86,30.5
273,1937246,43556,43587,69:23.6,69:26.7,24,23,3.1,2,1,869,left_to_right,Sydney FC,2,True,False,False,chaotic,5,chaotic,5,-18.28,33.41,1,wide_left,1,defensive_third,False,-11.64,23.07,1,wide_left,2,middle_third,False,43.31,38.33,42.13,44.09,36.81,32.06,60.17,53.34
274,1937246,43587,43610,69:26.7,69:29.0,24,26,2.3,2,2,868,right_to_left,Melbourne V FC,1,True,False,False,chaotic,5,chaotic,5,11.82,-22.91,5,wide_right,2,middle_third,False,20.39,-17.04,4,half_space_right,3,attacking_third,False,31.86,28.84,53.09,54.12,38.08,29.41,44.08,40.79
275,1937246,44164,44287,70:24.4,70:36.7,25,24,12.3,2,1,869,left_to_right,Sydney FC,3,False,False,False,build_up,0,high_block,10,-23.39,12.98,2,half_space_left,1,defensive_third,False,-20.03,-17.28,4,half_space_right,1,defensive_third,False,61.62,62.88,36.59,34.0,30.35,33.56,46.86,55.7
276,1937246,44287,44367,70:36.7,70:44.7,25,36,8.0,2,1,869,left_to_right,Sydney FC,3,True,False,False,create,1,medium_block,9,-19.04,-18.03,4,half_space_right,1,defensive_third,False,5.66,-23.18,5,wide_right,2,middle_third,False,62.64,47.66,34.19,46.16,33.46,34.2,55.52,44.72
277,1937246,44367,44498,70:44.7,70:57.8,25,44,13.1,2,2,868,right_to_left,Melbourne V FC,5,False,False,False,create,1,medium_block,9,-5.78,23.26,1,wide_left,2,middle_third,False,-7.91,-13.42,4,half_space_right,2,middle_third,False,34.17,62.64,44.71,52.08,47.39,34.53,46.15,41.93
278,1937246,44498,44530,70:57.8,71:01.0,25,57,3.2,2,2,868,right_to_left,Melbourne V FC,1,True,False,False,direct,6,defending_direct,15,-6.96,-12.98,4,half_space_right,2,middle_third,False,32.12,10.78,2,half_space_left,3,attacking_third,False,62.38,52.55,52.44,64.31,34.51,24.97,41.85,42.17
279,1937246,44530,44568,71:01.0,71:04.8,26,1,3.8,2,1,869,left_to_right,Sydney FC,1,True,False,False,chaotic,5,chaotic,5,-32.88,-11.09,4,half_space_right,1,defensive_third,False,-31.05,-2.81,3,center,1,defensive_third,False,24.66,16.51,42.25,42.83,52.1,36.11,64.64,66.09
280,1937246,44568,44583,71:04.8,71:06.3,26,4,1.5,2,2,868,right_to_left,Melbourne V FC,1,True,False,False,chaotic,5,chaotic,5,31.04,2.74,3,center,3,attacking_third,False,30.77,4.17,3,center,3,attacking_third,False,35.77,31.52,66.04,66.31,16.24,14.63,42.78,40.49
281,1937246,44583,45408,71:06.3,72:28.8,26,6,82.5,2,1,869,left_to_right,Sydney FC,30,False,False,False,create,1,medium_block,9,-30.51,-4.47,3,center,1,defensive_third,False,17.73,-32.52,5,wide_right,3,attacking_third,False,14.65,45.99,40.3,54.94,31.26,37.31,66.36,46.98
282,1937246,45408,45411,72:28.8,72:29.1,27,28,0.3,2,1,869,left_to_right,Sydney FC,1,False,False,False,finish,2,low_block,8,17.29,-32.41,5,wide_right,2,middle_third,False,15.64,-31.92,5,wide_right,2,middle_third,False,45.81,45.51,54.9,54.76,37.29,37.16,46.89,46.67
283,1937246,45411,45693,72:29.1,72:57.3,27,29,28.2,2,1,869,left_to_right,Sydney FC,11,False,False,False,create,1,medium_block,9,14.58,-31.6,5,wide_right,2,middle_third,False,17.61,-31.57,5,wide_right,3,attacking_third,False,45.38,42.22,54.66,54.21,37.06,31.14,46.57,41.12
284,1937246,45693,45716,72:57.3,72:59.6,27,57,2.3,2,1,869,left_to_right,Sydney FC,1,False,False,False,finish,2,low_block,8,17.55,-31.58,5,wide_right,3,attacking_third,False,7.06,-26.62,5,wide_right,2,middle_third,False,42.07,42.41,54.49,55.91,31.28,33.21,41.18,40.83
285,1937246,45716,45811,72:59.6,73:09.1,27,59,9.5,2,1,869,left_to_right,Sydney FC,4,True,False,False,create,1,medium_block,9,6.77,-26.54,5,wide_right,2,middle_third,False,19.63,-22.63,5,wide_right,3,attacking_third,False,42.74,55.0,55.71,53.67,33.11,34.83,40.69,40.67
286,1937246,46034,46230,73:31.4,73:51.0,28,31,19.6,2,2,868,right_to_left,Melbourne V FC,6,False,False,False,create,1,medium_block,9,,,2,half_space_left,2,middle_third,False,10.21,-30.52,5,wide_right,2,middle_third,False,,53.5,,57.95,,33.98,,39.12
287,1937246,46230,46255,73:51.0,73:53.5,28,51,2.5,2,2,868,right_to_left,Melbourne V FC,1,False,False,False,finish,2,low_block,8,10.24,-30.53,5,wide_right,2,middle_third,False,6.7,-26.86,5,wide_right,2,middle_third,False,53.26,48.55,58.17,60.08,34.17,34.73,38.97,37.91
288,1937246,46255,46316,73:53.5,73:59.6,28,53,6.1,2,2,868,right_to_left,Melbourne V FC,2,False,False,False,create,1,medium_block,9,5.47,-25.61,5,wide_right,2,middle_third,False,4.82,14.2,2,half_space_left,2,middle_third,False,48.48,53.7,59.95,57.12,34.56,28.69,37.85,35.98
289,1937246,46316,46447,73:59.6,74:12.7,28,59,13.1,2,2,868,right_to_left,Melbourne V FC,4,True,False,False,finish,2,low_block,8,5.21,14.43,2,half_space_left,2,middle_third,False,33.7,5.78,3,center,3,attacking_third,False,53.74,43.05,57.26,62.59,28.67,31.08,35.92,27.21
290,1937246,46795,46893,74:47.5,74:57.3,29,47,9.8,2,1,869,left_to_right,Sydney FC,5,False,False,False,build_up,0,high_block,10,-47.63,0.91,3,center,1,defensive_third,False,-31.44,-37.62,5,wide_right,1,defensive_third,False,66.35,55.85,48.9,47.09,44.5,40.3,68.45,64.99
291,1937246,47039,47062,75:11.9,75:14.2,30,11,2.3,2,1,869,left_to_right,Sydney FC,1,True,False,False,chaotic,5,chaotic,5,-30.94,-34.78,5,wide_right,1,defensive_third,False,-16.73,-29.09,5,wide_right,2,middle_third,False,35.18,33.24,45.31,42.37,22.48,23.93,66.26,61.4
292,1937246,47062,47087,75:14.2,75:16.7,30,14,2.5,2,2,868,right_to_left,Melbourne V FC,2,False,False,False,finish,2,low_block,8,16.32,28.56,1,wide_left,2,middle_third,False,6.3,20.56,1,wide_left,2,middle_third,False,24.0,23.87,61.19,58.85,33.1,29.58,42.23,40.23
293,1937246,47087,47237,75:16.7,75:31.7,30,16,15.0,2,2,868,right_to_left,Melbourne V FC,5,False,False,False,create,1,medium_block,9,5.23,20.7,1,wide_left,2,middle_third,False,4.62,-14.98,4,half_space_right,2,middle_third,False,23.82,52.56,58.73,55.6,29.36,28.1,40.35,37.76
294,1937246,47237,47349,75:31.7,75:42.9,30,31,11.2,2,2,868,right_to_left,Melbourne V FC,4,False,False,False,finish,2,low_block,8,5.12,-16.17,4,half_space_right,2,middle_third,False,5.82,-30.32,5,wide_right,2,middle_third,False,52.34,42.04,55.72,58.46,28.15,37.13,37.71,37.13
295,1937246,47349,47404,75:42.9,75:48.4,30,42,5.5,2,2,868,right_to_left,Melbourne V FC,2,False,False,False,create,1,medium_block,9,5.11,-30.14,5,wide_right,2,middle_third,False,4.99,5.65,3,center,2,middle_third,False,42.09,47.14,58.39,57.5,37.09,29.71,37.13,39.23
296,1937246,47404,47479,75:48.4,75:55.9,30,48,7.5,2,2,868,right_to_left,Melbourne V FC,3,True,False,False,finish,2,low_block,8,5.5,6.05,3,center,2,middle_third,False,41.02,13.41,2,half_space_left,3,attacking_third,True,47.07,37.56,57.53,67.52,29.55,30.89,39.04,28.98
297,1937246,47479,47556,75:55.9,76:03.6,30,55,7.7,2,1,869,left_to_right,Sydney FC,2,True,False,False,chaotic,5,chaotic,5,-41.24,-12.29,4,half_space_right,1,defensive_third,False,-17.42,-15.57,4,half_space_right,2,middle_third,False,30.57,23.49,28.93,32.99,37.46,25.85,67.53,56.53
298,1937246,47556,47833,76:03.6,76:31.3,31,3,27.7,2,2,868,right_to_left,Melbourne V FC,8,True,False,True,finish,2,low_block,8,17.43,15.76,2,half_space_left,2,middle_third,False,56.38,2.61,3,center,3,attacking_third,False,26.04,32.24,56.53,70.56,23.71,29.41,33.18,24.91
299,1937246,48085,48339,76:56.5,77:21.9,31,56,25.4,2,1,869,left_to_right,Sydney FC,10,False,False,False,build_up,0,high_block,10,,,2,half_space_left,2,middle_third,False,-20.07,15.95,2,half_space_left,1,defensive_third,False,,63.49,,39.94,,32.2,,51.87
300,1937246,48339,48562,77:21.9,77:44.2,32,21,22.3,2,1,869,left_to_right,Sydney FC,8,True,False,False,create,1,medium_block,9,-19.9,16.68,2,half_space_left,1,defensive_third,False,1.93,-21.39,5,wide_right,2,middle_third,False,63.63,60.76,40.1,47.06,32.44,34.94,51.72,42.03
301,1937246,48760,48929,78:04.0,78:20.9,33,4,16.9,2,2,868,right_to_left,Melbourne V FC,5,False,False,False,create,1,medium_block,9,,,2,half_space_left,2,middle_third,False,10.7,14.57,2,half_space_left,2,middle_third,False,,53.03,,56.78,,29.34,,37.21
302,1937246,48929,48973,78:20.9,78:25.3,33,20,4.4,2,2,868,right_to_left,Melbourne V FC,1,True,False,False,finish,2,low_block,8,11.39,14.61,2,half_space_left,2,middle_third,False,23.68,2.53,3,center,3,attacking_third,False,52.89,42.32,57.09,64.95,29.28,25.28,37.1,34.82
303,1937246,48973,49038,78:25.3,78:31.8,33,25,6.5,2,1,869,left_to_right,Sydney FC,1,False,False,False,create,1,medium_block,9,-23.54,-2.06,3,center,1,defensive_third,False,-11.43,-0.4,3,center,2,middle_third,False,25.48,42.64,34.95,47.34,41.9,25.96,64.88,55.03
304,1937246,49356,49484,79:03.6,79:16.4,34,3,12.8,2,1,869,left_to_right,Sydney FC,4,False,False,False,create,1,medium_block,9,,,2,half_space_left,2,middle_third,False,-19.74,15.29,2,half_space_left,1,defensive_third,False,,63.46,,43.7,,34.59,,51.19
305,1937246,49484,49568,79:16.4,79:24.8,34,16,8.4,2,1,869,left_to_right,Sydney FC,4,False,False,False,build_up,0,high_block,10,-20.18,14.8,2,half_space_left,1,defensive_third,False,-20.04,-33.06,5,wide_right,1,defensive_third,False,63.64,57.64,43.52,42.57,34.58,38.38,51.45,65.92
306,1937246,49568,49574,79:24.8,79:25.4,34,24,0.6,2,1,869,left_to_right,Sydney FC,1,False,False,False,create,1,medium_block,9,-19.21,-33.23,5,wide_right,1,defensive_third,False,-19.74,-32.41,5,wide_right,1,defensive_third,False,57.33,55.39,42.59,42.63,38.48,38.65,65.75,64.91
307,1937246,49574,49608,79:25.4,79:28.8,34,25,3.4,2,1,869,left_to_right,Sydney FC,1,True,False,False,build_up,0,high_block,10,-20.18,-32.11,5,wide_right,1,defensive_third,False,-25.65,-33.35,5,wide_right,1,defensive_third,False,54.93,48.05,42.62,43.09,38.62,36.54,64.75,65.47
308,1937246,49608,49667,79:28.8,79:34.7,34,28,5.9,2,2,868,right_to_left,Melbourne V FC,4,False,False,False,finish,2,low_block,8,25.73,33.31,1,wide_left,3,attacking_third,False,28.54,13.98,2,half_space_left,3,attacking_third,False,36.56,33.08,65.47,63.24,48.06,23.2,43.05,33.39
309,1937246,50028,50038,80:10.8,80:11.8,35,10,1.0,2,2,868,right_to_left,Melbourne V FC,1,True,False,False,set_play,7,defending_set_play,13,30.89,10.42,2,half_space_left,3,attacking_third,False,47.8,-1.65,3,center,3,attacking_third,True,22.2,21.44,59.39,63.2,16.25,15.22,12.22,12.03
310,1937246,50398,50454,80:47.8,80:53.4,35,47,5.6,2,1,869,left_to_right,Sydney FC,3,True,False,False,build_up,0,high_block,10,-51.83,-2.64,3,center,1,defensive_third,False,-36.94,33.06,1,wide_left,1,defensive_third,False,62.5,61.82,51.87,50.54,50.2,48.24,71.04,71.64
311,1937246,50502,50721,80:58.2,81:20.1,35,58,21.9,2,2,868,right_to_left,Melbourne V FC,9,True,False,False,finish,2,low_block,8,24.81,-34.9,5,wide_right,3,attacking_third,False,50.86,21.51,1,wide_left,3,attacking_third,False,44.13,36.54,65.85,73.31,45.97,30.3,33.87,30.68
312,1937246,50721,50747,81:20.1,81:22.7,36,20,2.6,2,1,869,left_to_right,Sydney FC,1,False,False,False,chaotic,5,chaotic,5,-51.27,-21.34,5,wide_right,1,defensive_third,False,-54.96,-13.65,4,half_space_right,1,defensive_third,False,30.08,26.45,30.6,34.51,36.04,29.7,73.79,72.88
313,1937246,50926,51028,81:40.6,81:50.8,36,40,10.2,2,1,869,left_to_right,Sydney FC,5,False,False,False,build_up,0,high_block,10,-48.03,-0.79,3,center,1,defensive_third,False,-36.89,-32.82,5,wide_right,1,defensive_third,False,52.36,48.82,44.97,43.14,36.97,33.11,65.79,75.61
314,1937246,51192,51209,82:07.2,82:08.9,37,7,1.7,2,1,869,left_to_right,Sydney FC,1,True,False,False,chaotic,5,chaotic,5,-31.3,-33.75,5,wide_right,1,defensive_third,False,-14.82,-30.39,5,wide_right,2,middle_third,False,33.33,32.28,42.24,40.92,23.44,22.7,63.91,61.35
315,1937246,51209,51295,82:08.9,82:17.5,37,8,8.6,2,2,868,right_to_left,Melbourne V FC,3,True,False,True,quick_break,3,defending_quick_break,12,14.81,30.32,1,wide_left,2,middle_third,False,45.13,-4.82,3,center,3,attacking_third,True,22.74,38.0,61.17,63.27,32.18,22.63,40.84,41.35
316,1937246,51574,51584,82:45.4,82:46.4,37,45,1.0,2,1,869,left_to_right,Sydney FC,1,False,False,False,create,1,medium_block,9,,,2,half_space_left,2,middle_third,False,,,2,half_space_left,2,middle_third,False,,,,,,,,
317,1937246,51750,52091,83:03.0,83:37.1,38,3,34.1,2,1,869,left_to_right,Sydney FC,11,True,False,False,create,1,medium_block,9,1.12,-31.19,5,wide_right,2,middle_third,False,-1.03,-10.22,4,half_space_right,2,middle_third,False,36.78,56.49,56.16,49.04,23.86,28.03,45.29,49.42
318,1937246,52091,52101,83:37.1,83:38.1,38,37,1.0,2,2,868,right_to_left,Melbourne V FC,1,True,False,False,chaotic,5,chaotic,5,0.72,11.37,2,half_space_left,2,middle_third,False,14.67,20.26,1,wide_left,2,middle_third,False,28.27,28.66,49.68,52.38,56.18,53.47,49.07,49.15
319,1937246,52270,52316,83:55.0,83:59.6,38,55,4.6,2,1,869,left_to_right,Sydney FC,3,True,False,False,build_up,0,high_block,10,-29.31,-33.05,5,wide_right,1,defensive_third,False,-34.47,-24.59,5,wide_right,1,defensive_third,False,41.74,39.42,46.62,43.51,22.12,24.33,65.14,69.13
320,1937246,52316,52376,83:59.6,84:05.6,38,59,6.0,2,2,868,right_to_left,Melbourne V FC,4,False,False,True,finish,2,low_block,8,34.76,24.19,1,wide_left,3,attacking_third,False,-22.69,-10.95,4,half_space_right,1,defensive_third,False,24.33,37.61,69.15,37.45,39.35,20.42,43.44,65.36
321,1937246,52376,52400,84:05.6,84:08.0,39,5,2.4,2,2,868,right_to_left,Melbourne V FC,3,True,False,False,chaotic,5,chaotic,5,22.54,11.04,2,half_space_left,3,attacking_third,False,24.36,9.04,3,center,3,attacking_third,False,20.4,24.35,65.22,61.61,37.8,36.26,37.55,41.88
322,1937246,52400,52435,84:08.0,84:11.5,39,8,3.5,2,1,869,left_to_right,Sydney FC,2,False,False,False,build_up,0,high_block,10,-24.52,-8.76,3,center,1,defensive_third,False,-20.13,12.86,2,half_space_left,1,defensive_third,False,35.93,39.3,41.95,42.67,24.62,25.82,61.68,59.7
323,1937246,52435,52470,84:11.5,84:15.0,39,11,3.5,2,1,869,left_to_right,Sydney FC,1,True,False,False,create,1,medium_block,9,-19.38,13.42,2,half_space_left,1,defensive_third,False,9.82,13.04,2,half_space_left,2,middle_third,False,39.56,46.9,43.03,55.49,25.84,38.35,59.68,58.09
324,1937246,52470,52500,84:15.0,84:18.0,39,15,3.0,2,2,868,right_to_left,Melbourne V FC,2,False,False,False,chaotic,5,chaotic,5,-10.09,-12.91,4,half_space_right,2,middle_third,False,-10.41,-25.4,5,wide_right,2,middle_third,False,38.56,41.2,57.99,55.07,46.9,37.03,55.72,52.36
325,1937246,52582,52658,84:26.2,84:33.8,39,26,7.6,2,2,868,right_to_left,Melbourne V FC,1,False,False,False,create,1,medium_block,9,,,2,half_space_left,2,middle_third,False,,,2,half_space_left,2,middle_third,False,,,,,,,,
326,1937246,52658,52686,84:33.8,84:36.6,39,33,2.8,2,2,868,right_to_left,Melbourne V FC,1,False,False,False,finish,2,low_block,8,12.54,28.29,1,wide_left,2,middle_third,False,5.69,20.1,2,half_space_left,2,middle_third,False,46.7,44.81,57.97,60.72,34.15,37.43,37.66,35.78
327,1937246,52686,52736,84:36.6,84:41.6,39,36,5.0,2,2,868,right_to_left,Melbourne V FC,2,False,False,False,create,1,medium_block,9,5.24,19.71,2,half_space_left,2,middle_third,False,4.76,-14.67,4,half_space_right,2,middle_third,False,44.85,52.6,60.76,58.56,37.34,32.78,35.83,35.37
328,1937246,52736,52775,84:41.6,84:45.5,39,41,3.9,2,2,868,right_to_left,Melbourne V FC,1,False,False,False,finish,2,low_block,8,5.51,-15.71,4,half_space_right,2,middle_third,False,6.64,-13.12,4,half_space_right,2,middle_third,False,52.51,52.58,58.59,58.92,32.94,30.51,35.34,34.36
329,1937246,52775,52817,84:45.5,84:49.7,39,45,4.2,2,2,868,right_to_left,Melbourne V FC,1,False,False,False,create,1,medium_block,9,5.71,-11.8,4,half_space_right,2,middle_third,False,4.84,13.47,2,half_space_left,2,middle_third,False,52.9,61.97,58.84,59.68,30.69,31.74,34.37,35.39
330,1937246,52817,52969,84:49.7,85:04.9,39,49,15.2,2,2,868,right_to_left,Melbourne V FC,4,True,False,False,finish,2,low_block,8,5.08,14.21,2,half_space_left,2,middle_third,False,43.13,-29.04,5,wide_right,3,attacking_third,False,62.02,47.42,59.79,69.18,31.75,35.38,35.36,24.37
331,1937246,52969,53124,85:04.9,85:20.4,40,4,15.5,2,1,869,left_to_right,Sydney FC,4,False,True,True,transition,4,defending_transition,11,-42.57,28.79,1,wide_left,1,defensive_third,False,46.79,-0.69,3,center,3,attacking_third,True,35.48,31.0,24.42,80.81,47.15,34.88,68.73,54.45
332,1937246,53124,53199,85:20.4,85:27.9,40,20,7.5,2,1,869,left_to_right,Sydney FC,5,False,True,True,finish,2,low_block,8,45.71,-1.89,3,center,3,attacking_third,True,53.98,-0.31,3,center,3,attacking_third,False,30.84,30.41,80.63,76.61,34.86,24.09,54.36,43.52
333,1937246,54323,54587,87:20.3,87:46.7,42,20,26.4,2,2,868,right_to_left,Melbourne V FC,10,False,False,False,create,1,medium_block,9,-6.52,0.68,3,center,2,middle_third,False,4.85,-8.4,3,center,2,middle_third,False,35.73,53.83,40.99,57.07,33.33,27.04,41.36,34.78
334,1937246,54587,54669,87:46.7,87:54.9,42,46,8.2,2,2,868,right_to_left,Melbourne V FC,5,True,False,False,finish,2,low_block,8,5.19,-8.78,3,center,2,middle_third,False,38.8,-18.86,4,half_space_right,3,attacking_third,True,53.76,44.9,57.05,68.08,27.03,28.02,34.77,35.87
335,1937246,55020,55043,88:30.0,88:32.3,43,30,2.3,2,1,869,left_to_right,Sydney FC,1,True,False,False,direct,6,defending_direct,15,-21.83,17.86,2,half_space_left,1,defensive_third,False,10.56,19.09,2,half_space_left,2,middle_third,False,33.82,28.32,54.69,57.48,22.99,20.64,50.77,46.96
336,1937246,55043,55129,88:32.3,88:40.9,43,32,8.6,2,2,868,right_to_left,Melbourne V FC,3,False,False,False,create,1,medium_block,9,-10.56,-18.95,4,half_space_right,2,middle_third,False,13.33,17.91,2,half_space_left,2,middle_third,False,20.67,37.16,46.75,62.34,28.04,27.36,57.39,48.73
337,1937246,55129,55148,88:40.9,88:42.8,43,40,1.9,2,2,868,right_to_left,Melbourne V FC,1,True,False,False,finish,2,low_block,8,14.31,17.0,2,half_space_left,2,middle_third,False,30.45,-5.53,3,center,3,attacking_third,False,37.52,39.32,62.64,64.8,27.26,25.94,48.47,44.37
338,1937246,55148,55239,88:42.8,88:51.9,43,42,9.1,2,1,869,left_to_right,Sydney FC,2,True,False,False,transition,4,defending_transition,11,-30.84,5.91,3,center,1,defensive_third,False,16.69,7.61,3,center,2,middle_third,False,25.65,43.06,44.09,52.87,39.14,34.83,64.79,58.58
339,1937246,55239,55252,88:51.9,88:53.2,43,51,1.3,2,2,868,right_to_left,Melbourne V FC,1,False,False,False,create,1,medium_block,9,-17.56,-7.35,3,center,1,defensive_third,False,-19.67,-8.52,3,center,1,defensive_third,False,34.72,32.42,58.47,56.99,43.0,39.88,53.35,55.0
340,1937246,55252,55344,88:53.2,89:02.4,43,53,9.2,2,2,868,right_to_left,Melbourne V FC,2,False,False,False,build_up,0,high_block,10,-20.64,-8.71,3,center,1,defensive_third,False,-20.73,18.33,2,half_space_left,1,defensive_third,False,32.14,47.62,56.9,45.2,39.49,33.39,54.87,54.76
341,1937246,55344,55513,89:02.4,89:19.3,44,2,16.9,2,2,868,right_to_left,Melbourne V FC,5,False,False,False,create,1,medium_block,9,-19.6,19.06,2,half_space_left,1,defensive_third,False,10.85,20.27,1,wide_left,2,middle_third,False,47.69,55.76,45.26,57.01,33.38,29.46,54.46,41.43
342,1937246,55513,55566,89:19.3,89:24.6,44,19,5.3,2,2,868,right_to_left,Melbourne V FC,1,True,False,False,finish,2,low_block,8,12.42,20.9,1,wide_left,2,middle_third,False,46.99,-6.1,3,center,3,attacking_third,True,55.55,40.98,57.23,70.44,29.48,29.0,41.15,29.14
343,1937246,55566,55576,89:24.6,89:25.6,44,24,1.0,2,1,869,left_to_right,Sydney FC,1,True,False,False,chaotic,5,chaotic,5,-47.22,7.63,3,center,1,defensive_third,False,-50.83,16.31,2,half_space_left,1,defensive_third,False,28.67,25.35,29.17,29.41,40.88,39.85,70.51,70.1
344,1937246,56022,56221,90:10.2,90:30.1,45,10,19.9,2,2,868,right_to_left,Melbourne V FC,1,False,False,True,set_play,7,defending_set_play,13,52.19,-32.72,5,wide_right,3,attacking_third,False,,,2,half_space_left,2,middle_third,False,35.84,,66.74,,23.08,,10.9,
345,1937246,56221,56234,90:30.1,90:31.4,45,30,1.3,2,2,868,right_to_left,Melbourne V FC,0,True,False,True,create,1,medium_block,9,-6.91,26.7,1,wide_left,2,middle_third,False,-21.9,21.6,1,wide_left,1,defensive_third,False,39.05,38.81,61.84,60.82,51.89,49.0,56.16,63.98
346,1937246,56234,56267,90:31.4,90:34.7,45,31,3.3,2,1,869,left_to_right,Sydney FC,1,True,False,True,quick_break,3,defending_quick_break,12,22.94,-21.23,5,wide_right,3,attacking_third,False,48.36,5.51,3,center,3,attacking_third,True,48.65,40.57,64.68,82.03,38.66,35.52,60.93,57.87
347,1937246,56430,56464,90:51.0,90:54.4,45,51,3.4,2,2,868,right_to_left,Melbourne V FC,1,True,False,False,create,1,medium_block,9,,,2,half_space_left,2,middle_third,False,5.25,-26.61,5,wide_right,2,middle_third,False,,48.06,,55.37,,36.49,,54.6
348,1937246,56464,56516,90:54.4,90:59.6,45,54,5.2,2,1,869,left_to_right,Sydney FC,3,False,False,False,create,1,medium_block,9,-5.65,27.26,1,wide_left,2,middle_third,False,-19.46,25.28,1,wide_left,1,defensive_third,False,36.51,36.02,54.53,52.64,47.59,35.16,55.54,61.61
349,1937246,56516,56801,90:59.6,91:28.1,45,59,28.5,2,1,869,left_to_right,Sydney FC,9,True,False,False,build_up,0,high_block,10,-20.81,24.16,1,wide_left,1,defensive_third,False,-23.88,-10.0,4,half_space_right,1,defensive_third,False,36.0,55.59,52.47,46.43,34.92,32.43,61.7,65.03
350,1937246,56801,56931,91:28.1,91:41.1,46,28,13.0,2,2,868,right_to_left,Melbourne V FC,3,False,False,False,finish,2,low_block,8,24.16,10.12,2,half_space_left,3,attacking_third,False,43.26,25.9,1,wide_left,3,attacking_third,False,32.32,34.51,64.95,68.21,55.41,29.66,46.38,23.68
351,1937246,57297,57497,92:17.7,92:37.7,47,17,20.0,2,2,868,right_to_left,Melbourne V FC,9,False,False,False,set_play,7,defending_set_play,13,45.74,23.19,1,wide_left,3,attacking_third,False,28.13,32.35,1,wide_left,3,attacking_third,False,37.19,37.66,65.55,57.72,14.29,32.79,16.09,29.1
352,1937246,57497,57778,92:37.7,93:05.8,47,37,28.1,2,2,868,right_to_left,Melbourne V FC,10,True,False,False,finish,2,low_block,8,28.02,32.45,1,wide_left,3,attacking_third,False,46.62,-1.33,3,center,3,attacking_third,True,37.59,41.67,57.74,69.08,33.12,32.03,28.98,26.14
353,1937246,57778,57788,93:05.8,93:06.8,48,5,1.0,2,1,869,left_to_right,Sydney FC,1,True,False,False,chaotic,5,chaotic,5,-46.74,0.99,3,center,1,defensive_third,False,-49.23,10.3,2,half_space_left,1,defensive_third,False,31.8,29.51,26.23,27.06,41.52,40.43,69.41,70.65
354,1937246,57835,57867,93:11.5,93:14.7,48,11,3.2,2,2,868,right_to_left,Melbourne V FC,2,True,False,False,chaotic,5,chaotic,5,48.46,-32.36,5,wide_right,3,attacking_third,False,47.46,-4.72,3,center,3,attacking_third,True,43.77,39.7,71.91,73.04,35.26,24.24,25.28,24.02
355,1937246,57867,57881,93:14.7,93:16.1,48,14,1.4,2,1,869,left_to_right,Sydney FC,1,True,False,False,chaotic,5,chaotic,5,-47.15,4.46,3,center,1,defensive_third,False,-33.67,14.3,2,half_space_left,1,defensive_third,False,23.8,19.51,24.06,24.7,39.66,39.04,73.31,73.89
356,1937246,57881,57914,93:16.1,93:19.4,48,16,3.3,2,2,868,right_to_left,Melbourne V FC,1,True,False,False,chaotic,5,chaotic,5,33.24,-14.86,4,half_space_right,3,attacking_third,False,44.97,5.96,3,center,3,attacking_third,True,39.03,38.23,73.76,67.66,19.34,25.53,24.78,25.81
357,1937246,57914,57915,93:19.4,93:19.5,48,19,0.1,2,1,869,left_to_right,Sydney FC,1,True,False,False,chaotic,5,chaotic,5,-45.11,-7.07,3,center,1,defensive_third,False,-45.11,-7.07,3,center,1,defensive_third,False,25.73,25.73,25.97,25.97,38.31,38.31,67.8,67.8
358,1937246,57915,58044,93:19.5,93:32.4,48,19,12.9,2,2,868,right_to_left,Melbourne V FC,4,True,False,False,finish,2,low_block,8,45.13,8.12,3,center,3,attacking_third,True,43.95,8.67,3,center,3,attacking_third,True,38.4,37.56,67.95,66.86,25.94,24.31,26.12,26.33
359,1937246,58044,58281,93:32.4,93:56.1,48,32,23.7,2,1,869,left_to_right,Sydney FC,4,False,False,False,transition,4,defending_transition,11,-43.77,-8.61,3,center,1,defensive_third,False,55.32,21.31,1,wide_left,3,attacking_third,False,24.03,41.57,26.25,82.67,37.24,34.82,67.21,47.7
